discid,n,ttitle,extt
02012601,0,Keep Tryin',""
02040101,0,Glenn Gould spricht �ber Bach und die Fuge,mit Musikbeispielen
05100414,0,1 01 Hipolito Lazaro - Meyerbeer - L'Africana - O Pardadiso - 1911,""
05100414,1,1 02 Hipolito Lazaro - Puccini - Tosca - Recondita armonia - 1911,""
05100414,2,1 03  Hipolito Lazaro - Verdi - Rigoletto - Questa o quella - 1916,""
05100414,3,1 04 Hipolito Lazaro - Verdi - Rigoletto - La donna � mobile - 1918,""
05100414,4,1 05 Hipolito Lazaro - Verdi - Il Trovatore - Di quella pira - 1916,""
05100414,5,1 06 Hipolito Lazaro - Meyerbeer - L'Africana - O Paradiso - 1916,""
05100414,6,"1 07 Hipolito Lazaro - Donizetti - La Favorita - Una vergin, un angiol di Dio - 1916",""
05100414,7,1 08 Hipolito Lazaro - Puccini - Tosca - Recondita armonia - 1916,""
05100414,8,1 09 Hipolito Lazaro - Puccini - Tosca - E lucean le stelle - 1916,""
05100414,9,1 10 Hipolito Lazaro - Verdi - Aida - Celeste Aida - 1916,""
05100414,10,1 11 Hipolito Lazaro - Gounod - Faust - Salve dimora - 1916,""
05100414,11,"1 12 Hipolito Lazaro - Bellini - I Puritani - A te, o cara - 1916",""
05100414,12,1 13 Hipolito Lazaro - Bellini  - I Puritani - Vieni fra queste braccia - 1916,""
05100414,13,"1 15 Hipolito Lazaro - Manon - Massenet - Ah, dispar vision - 1016",""
05100414,14,1 16 Hipolito Lazaro - Flotow - Martha - M'appar� - 1916,""
05100414,15,1 17 Hipolito Lazaro - Leoncavallo - I Pagliacci - Vesti la giubba - 1916,""
05100414,16,1 18 Hipolito Lazaro - Verdi - La Traviata - Parigi o cara - 1918 (Maria Barrientos),""
05100414,17,1 19 Hipolito Lazaro - Arrieta - Marina - Costas las de levante - 1920,""
05100414,18,1 20 Hipolito Lazaro - Ponchielli - La Gioconda - Cielo e mar - 1925,""
05100414,19,1 21 Hipolito Lazaro - Meyerbeer - Gli Ugonotti - Bianca al par - 1925,""
09101d13,0,"Deluxe ""For myself""",""
09101d13,1,"The Mockers ""D�jame (english version)""",""
09101d13,2,"Hombres G ""Voy a pas�rmelo bien""",""
09101d13,3,"Los Secretos ""Te he echado de menos hoy""",""
09101d13,4,"La Tercera Rep�blica ""Me rindo""",""
09101d13,5,"El Canto del Loco ""Pasi�n""",""
09101d13,6,"Jaime Urrutia ""�Qu� barbaridad!""",""
09101d13,7,"M-Clan ""Carolina""",""
09101d13,8,"Seguridad Social ""Quiero tener tu presencia""",""
09101d13,9,"Danza Invisible ""En celo""",""
09101d13,10,"Celtas Cortos ""Cu�ntame un cuento""",""
09101d13,11,"Los Sinsong ""Tiempo de rebajas""",""
09101d13,12,"Mojinos Escozios ""La liebre""",""
09101d13,13,"Platero y T� ""El roce de tu cuerpo""",""
09101d13,14,"Lombardi ""Una vez m�s""",""
09101d13,15,"Duncan Dhu ""No puedo evitar (pensar en ti)""",""
09101d13,16,"La Sonrisa de Julia ""Volar contigo""",""
09101d13,17,"Los Secretos ""Cada d�a""",""
09101d13,18,"Piratas ""El equilibrio es imposible""",""
0b11a612,0,Brosis - I belive,""
0b11a612,1,Anastacia - Paid my dues,""
0b11a612,2,Nickelback - How you remind me,""
0b11a612,3,Riva feat. Danni Minogue - Who do you low now?,""
0b11a612,4,Scooter - Ramp,""
0b11a612,5,Raid Said Fred - This is the love song,""
0b11a612,6,DJ Sammy &  Yanou feat. Do - Heaven,""
0b11a612,7,Sarah Connor - From Sarah with love,""
0b11a612,8,Lighthouse Family - Free,""
0b11a612,9,ATB - Hould you,""
0b11a612,10,Horny United Presents Lovesick feat. Mossee - Let`s stay together,""
0b11a612,11,Tiga & Zyntherius - Sunglasses at night,""
0b11a612,12,Sasha - Turn it into something special,""
0b11a612,13,Fettes Brot - Schwule M�dchen,""
0b11a612,14,Robbie Williams/Nicole Kidman - Something stupid,""
0b11a612,15,"DJ ""Keine Ahnung"" - ohne Titel ""keine Ahnung""",""
0b11a612,16,A 1 - Caught in the middle,""
0b11a612,17,ohne Titel,""
0c120e13,0,Boyzone - Everyday I Love You,""
0c120e13,1,Savage Garden - I Knew I Love You,""
0c120e13,2,Westlife - My Love,""
0c120e13,3,Wet Wet Wet - Love Is All Around,""
0c120e13,4,Jagged Edge - All Out Of Love,""
0c120e13,5,MLTR - Paint My Love,""
0c120e13,6,Gary Barlow - Everlasting Love,""
0c120e13,7,Trademark - Only Love,""
0c120e13,8,Celine Dion - Because You Love Me,""
0c120e13,9,Backstreet Boys - As Long As You Love Me,""
0c120e13,10,Bryan Adams - All For Love,""
0c120e13,11,Glenn Frey - The One You Love,""
0c120e13,12,Stokin Steven - Because I Love You,""
0c120e13,13,Roxette - It Must Have Been Love,""
0c120e13,14,Boyz II Men - I'll Make Love To You,""
0c120e13,15,Whitney Houston - I Will Always Love You,""
0c120e13,16,Julio Iglesias - Can't Help Falling In Love,""
0c120e13,17,Jennifer Rush - The Power Of Love,""
0c120e13,18,Peabo Bryson & Roberta Flack - Tonight I Celebrate,""
1111d813,0,Привет,""
1111d813,1,Мальчик в теннисных туфлях,""
1111d813,2,Смутное пятно неизвестно чего,""
1111d813,3,Тургеневские женщины,""
1111d813,4,"Володя, потусторонний шофёр",""
1111d813,5,Навсегда,""
1111d813,6,Девушки любят лётчиков,""
1111d813,7,Человек,""
1111d813,8,Иметь,""
1111d813,9,Фиолетовый дым,""
1111d813,10,Жалобы,""
1111d813,11,Стюардесса летних линий,""
1111d813,12,Горизонтальные люди,""
1111d813,13,Я всё умею,""
1111d813,14,Случай в метро,""
1111d813,15,Бесполезная песня,""
1111d813,16,Новая земля,""
1111d813,17,Химическая зависимость,""
1111d813,18,Алексеев,""
190df402,0,Harimos,""
190df402,1,Igtimaais,""
1910e414,0,Kati Tetoies Ores,""
1910e414,1,Teleiosame Loipon,""
1910e414,2,Giati Thee Mou H Zoi,""
1910e414,3,Kai Mou Milas Gia Monaksia,""
1910e414,4,Ta Mazepsa Ta Pragmata,""
1910e414,5,Ainte Stin Ygeia Tis,""
1910e414,6,Kai Lege Lege,""
1910e414,7,Kardia Mou Moni,""
1910e414,8,Ta Pires Ola,""
1910e414,9,Thelo Na Ertho Ma Fovamai,""
1910e414,10,Gyrise Konta Mou,""
1910e414,11,Parapono Mou,""
1910e414,12,Tora Kai Ego Tha Ziso,""
1910e414,13,Mi Milas,""
1910e414,14,To Diko Sou Amartima,""
1910e414,15,Afimeres Agapes,""
1910e414,16,Aporo,""
1910e414,17,Se Apothymisa,""
1910e414,18,Poios Ego,""
1910e414,19,Ta Sfalmata Sou Pelaga,""
2a047804,0,Jeansfighter ( Radio Version ),""
2a047804,1,Jeansfighter ( Spoon Family Version ),""
2a047804,2,Sweetmajor ( Lp Version ),""
2a047804,3,Jeansfighter ( Album Version ),""
2f08f304,0,Simfonia n� 2  Re Maj  1. Allegro non troppo,"Simfonia n� 2 en Re Major
Opus 73"
2f08f304,1,Simfonia n� 2  Re Maj  2. Adagio no troppo,"Simfonia n� 2 en Re Major
Opus 73"
2f08f304,2,Simfonia n� 2  Re Maj  3. Allegretto grazioso,"Simfonia n� 2 en Re Major
Opus 73"
2f08f304,3,Simfonia n� 2  Re Maj  4. Allegro con spirito,"Simfonia n� 2 en Re Major
Opus 73"
31069f05,0,The Rhythm Of The Night (7'' Single Version),""
31069f05,1,The Rhythm Of The Night (Extended Mix),""
31069f05,2,The Rhythm Of The Night (Burning Bush Vocal Mix),""
31069f05,3,The Rhythm Of The Night (Dub Mix Tequilla With A Spoon),""
31069f05,4,The Rhythm Of The Night (Original Version),""
330da416,0,"So Right, So Wrong",""
330da416,1,"Yeah, A Little",""
330da416,2,People Get Ready,""
330da416,3,Have You Ever Seen The Rain,""
330da416,4,Mighty Mouse,""
330da416,5,Many Rivers to Cross,""
330da416,6,Jack Worships Jane,""
330da416,7,Maps and Legends,""
330da416,8,Drip Drop,""
330da416,9,Crazy Love,""
330da416,10,The Lion Sleeps Tonight,""
330da416,11,Diamonds On THe Soles Of Her Shoes,""
330da416,12,Naturally,""
330da416,13,The Sun,""
330da416,14,Coney Island,""
330da416,15,I Need You,""
330da416,16,Tanqueray,""
330da416,17,Columbia Fight Song,""
330da416,18,Another Night,""
330da416,19,Sweet Child O' Mine,""
330da416,20,Fall On Me,""
330da416,21,Mary Anne,""
4609c807,0,Iron Man - Tribute to Black Sabbath,""
4609c807,1,Set the Controls for the heart of the sun - Tribute to Pink Floyd,""
4609c807,2,In-A-Gadda-da-Vida - Tribute to Iron Buterfly,""
4609c807,3,A Love Supreme - Tribute to John Coltrane,""
4609c807,4,Fire - Tribute to Jimi Hendrix,""
4609c807,5,Machine Gun - Tribute to Jimi Hendrix,""
4609c807,6,Third Stone from the sun - Tribute to Jimi Hendrix,""
5a0c0a08,0,blankensee (1),""
5a0c0a08,1,blankensee (2),""
5a0c0a08,2,trebbin,""
5a0c0a08,3,wilhelm hensel (1),""
5a0c0a08,4,wilhelm hensel (2),""
5a0c0a08,5,wilhelm hensel (3),""
5a0c0a08,6,wilhelm hensel (4),""
5a0c0a08,7,schlusswort,""
5b098408,0,��ˮ,""
5b098408,1,�仨,""
5b098408,2,����,""
5b098408,3,Զ,""
5b098408,4,��·,""
5b098408,5,�ߺ�,""
5b098408,6,����,""
5b098408,7,��,""
5b0e0d09,0,Schumann - Novelletten Op.21 - V. Rauschend und festlich,""
5b0e0d09,1,Schumann - Novelletten Op.21 - VI. Sehr lebhaft mit vielem humor,""
5b0e0d09,2,Schumann - Novelletten Op.21 - VII. Ausserst rasch,""
5b0e0d09,3,Schumann - Novelletten Op.21 - VIII. Sehr lebhaft,""
5b0e0d09,4,Schumann - Klaviersonate f-moll Op.14 - I. Allegro brillante (Fassung 1836),""
5b0e0d09,5,Schumann - Klaviersonate f-moll Op.14 - II. Scherzo. Molto comodo,""
5b0e0d09,6,Schumann - Klaviersonate f-moll Op.14 - III. Quasi variazioni. Andantino de Clara Wieck,""
5b0e0d09,7,Schumann - Klaviersonate f-moll Op.14 - IV. Prestissimo possibile,""
5b0e0d09,8,Schumann - Nachtstucke Op.23 - IV. Ad libitum - einfach,""
5e085a18,0,Intro,""
5e085a18,1,Rainbow Lemonade,""
5e085a18,2,Hawaiian Expression,""
5e085a18,3,Seaside,""
5e085a18,4,Portuguese,""
5e085a18,5,Before it was a Pickle,""
5e085a18,6,Skeeter Song,""
5e085a18,7,The Caterpiller Song,""
5e085a18,8,"Southern Aristocracy, Off to California",""
5e085a18,9,T-o-y Spells Toy,""
5e085a18,10,Sticky Icky Face,""
5e085a18,11,Macaroni and Cheese,""
5e085a18,12,The Orange and Yellow Monster,""
5e085a18,13,Sing Song Kitty,""
5e085a18,14,Left and Right,""
5e085a18,15,After the Rain,""
5e085a18,16,Cantonese,""
5e085a18,17,Explore,""
5e085a18,18,Italian Folk Song,""
5e085a18,19,Baiba's Bungalow,""
5e085a18,20,Siel's Song,""
5e085a18,21,Motherese,""
5e085a18,22,I-L-O-V-E-Y-O-U,""
5e085a18,23,Answering Machine,""
650a150a,0,In A Foreign Part Of The Town,""
650a150a,1,Alabama Shoe-Shine Boy,""
650a150a,2,Blinded By Her Beauty,""
650a150a,3,Made To Transcend,""
650a150a,4,Lisa (Growing Girl),""
650a150a,5,Strangers On The Street,""
650a150a,6,Re-Kindle The Flame,""
650a150a,7,Ten Years On,""
650a150a,8,Song For The Second Millennium,""
650a150a,9,From A Foreign Part Of The Town,""
650e0a18,0,ドラゴンフォース -メインテーマ-,""
650e0a18,1,ドラゴンフォース オープニングテーマ「勇気」,""
650e0a18,2,レジェンドラ伝説「レジェンドラ〜邪神マドルク〜星竜ハースガルド」,""
650e0a18,3,星竜の八戦士,""
650e0a18,4,アステアの声,""
650e0a18,5,ウェインのテーマ,""
650e0a18,6,レイナートのテーマ,""
650e0a18,7,レオンのテーマ,""
650e0a18,8,ティリスのテーマ,""
650e0a18,9,ミカヅキのテーマ,""
650e0a18,10,ゴンゴスのテーマ,""
650e0a18,11,ジュノーンのテーマ,""
650e0a18,12,ゴルダークのテーマ,""
650e0a18,13,竜のねむる大地,""
650e0a18,14,休息,""
650e0a18,15,草原の戦闘,""
650e0a18,16,雪原の戦闘,""
650e0a18,17,砂漠の戦闘,""
650e0a18,18,邪神の使い,""
650e0a18,19,邪神マドルク,""
650e0a18,20,新たなる歴史,""
650e0a18,21,ドラゴンフォース エンディングテーマ「未来」,""
650e0a18,22,グランド・オープニング（台詞入り） [ボーナストラック],""
650e0a18,23,DRAGON FORCE SOUND EFFECT COLLECTION(全４６音）,""
670c6d07,0,The Score,""
670c6d07,1,Learning To Fly,""
670c6d07,2,Pirates,""
670c6d07,3,Knife Edge,""
670c6d07,4,Tarkus/Pictures At An Exibition,""
670c6d07,5,Dream Runner,""
670c6d07,6,Creole Dance (cuts out),""
6811d018,0,Make Me A Pallet On The Floor,""
6811d018,1,Nobody Knows You When You;re Down And Out,""
6811d018,2,Reckless Blues,""
6811d018,3,There'll Be A Hot Time In The Old Town Tonight,""
6811d018,4,"Lordy, Lord (It Hurts SO Bad)",""
6811d018,5,Little Town In Old County Down,""
6811d018,6,"How Long, How Long Blues",""
6811d018,7,I'm Crazy 'bout My Baby,""
6811d018,8,T'aint Nobody's Bizness,""
6811d018,9,The Real Old Mountain Dew,""
6811d018,10,Blueberry Hill,""
6811d018,11,T'aint What You Do It's The Way Taht You Do It ,""
6811d018,12,I Can't Give You Anything But Love,""
6811d018,13,Squeeze Me,""
6811d018,14,Mopuntains Of Mourne,""
6811d018,15,Basin STreet Blues,""
6811d018,16,St Louis Blues,""
6811d018,17,'taint No Sin,""
6811d018,18,Kay Cee Rider,""
6811d018,19,Trouble In Mind,""
6811d018,20,I Wish I Could Shimme Like My Sister Kate,""
6811d018,21,Ugly Child,""
6811d018,22,New St Louis Blues,""
6811d018,23,Trombone Cholly,""
7209500a,0,A Man Broken,""
7209500a,1,All I Know,""
7209500a,2,I Can Feel It,""
7209500a,3,Tell Me Why,""
7209500a,4,Illusion,""
7209500a,5,Near Life,""
7209500a,6,Take On Everything,""
7209500a,7,Free,""
7209500a,8,Don't Turn Your Back,""
7209500a,9,Hidden Track,""
75069c0a,0,No chifle usted,""
75069c0a,1,Soltero maduro,""
75069c0a,2,Chiquito,""
75069c0a,3,Por m� no hay peros,""
75069c0a,4,Qu� mam� tan chaparrita,""
75069c0a,5,Maldita soledad,""
75069c0a,6,Llorar�s,""
75069c0a,7,Alto lucero,""
75069c0a,8,Hay que saber perder,""
75069c0a,9,Las rodilleras,""
7b0d5009,0,Bruch / Violin Concerto No 1: I Allegro moderato,""
7b0d5009,1,Bruch / Violin Concerto No 1: II Adagio,""
7b0d5009,2,Bruch / Violin Concerto No 1: III Allegro energico,""
7b0d5009,3,Mendelssohn / Symphony No 4: I Allegro vivace,""
7b0d5009,4,Mendelssohn / Symphony No 4: II Andante con moto,""
7b0d5009,5,Mendelssohn / Symphony No 4: III Con moto moderato,""
7b0d5009,6,Mendelssohn / Symphony No 4: IV Saltarello presto,""
7b0d5009,7,Mendelssohn / Hebrides Overture,""
7b0d5009,8,Data track,""
850c240c,0,Sweet Dream Maker,""
850c240c,1,Victim Of The City,""
850c240c,2,Despiser,""
850c240c,3,Burning Alive,""
850c240c,4,The Day Thou Gavest Lord Hath Ended,""
850c240c,5,End Of The World,""
850c240c,6,On My Way,""
850c240c,7,Lonely Man,""
850c240c,8,I'm No Fool,""
850c240c,9,Handful Of Reasons,""
850c240c,10,I'm No Fool (single version),""
850c240c,11,Sweet Dream Maker (single version),""
860ab50a,0,Smolik - Gru,""
860ab50a,1,Smolik - 50 Tysiecy 881,""
860ab50a,2,Smolik - Attitude,""
860ab50a,3,Smolik - Junction,""
860ab50a,4,Smolik - Zendegi,""
860ab50a,5,Smolik - T.Time,""
860ab50a,6,Smolik - Med,""
860ab50a,7,Smolik - Robot Dance,""
860ab50a,8,Smolik - Vok,""
860ab50a,9,Smolik - Alili,""
870d430b,0,Cheek to Cheek,""
870d430b,1,By Myself,""
870d430b,2,Night and Day,""
870d430b,3,They Can't Take That Away from Me,""
870d430b,4,Blues for Fred/They All Laughed,""
870d430b,5,Dancing in the Dark,""
870d430b,6,"Oh, Lady Be Good",""
870d430b,7,I Concentrate on You,""
870d430b,8,A Foggy Day (in London Town),""
870d430b,9,The Way You Look Tonight,""
870d430b,10,Tap Blues,""
8809c40a,0,오늘 같은 밤이면 (그리움),""
8809c40a,1,"기억에 남는건, 너의 젖은 눈",""
8809c40a,2,말해주오,""
8809c40a,3,이런 밤이면,""
8809c40a,4,그대향기 내 가슴 속에 언제,""
8809c40a,5,처음 만난 그때로,""
8809c40a,6,알 수가 없어,""
8809c40a,7,그대와 함께 (꿈),""
8809c40a,8,그 소녀,""
8809c40a,9,여름 바다,""
8a06370b,0,Blue Moon,""
8a06370b,1,Smiles,""
8a06370b,2,Nor Yet,""
8a06370b,3,"Easy Pickin�, Pt. 1",""
8a06370b,4,Encore,""
8a06370b,5,My Buddy,""
8a06370b,6,Once More,""
8a06370b,7,Piccadilly,""
8a06370b,8,The Sleeper,""
8a06370b,9,Rat-A-Tat,""
8a06370b,10,"Easy Pickin�, Pt. 2",""
900bba0d,0,Angel Falls,""
900bba0d,1,All in One Day,""
900bba0d,2,Lillie Got Mad,""
900bba0d,3,Fly,""
900bba0d,4,Hey,""
900bba0d,5,Glimpses,""
900bba0d,6,How Much Love,""
900bba0d,7,Gaia,""
900bba0d,8,Second Time,""
900bba0d,9,Welcome to Love,""
900bba0d,10,Almost Time,""
900bba0d,11,Little World,""
900bba0d,12,And Now I Ask You,""
9107d20b,0,Blue Moon Baby,""
9107d20b,1,Go Go Go,""
9107d20b,2,Cruisin' Down The Highway,""
9107d20b,3,Something Baby,""
9107d20b,4,Honey Don't,""
9107d20b,5,Boogie Woogie Country Girl,""
9107d20b,6,Let's Roll Baby,""
9107d20b,7,Tornado,""
9107d20b,8,High Heel Sneakers,""
9107d20b,9,Rockin' Days,""
9107d20b,10,Tainted Love,""
940cdd0c,0,V�ndor�nek,""
940cdd0c,1,�lomb�lom,""
940cdd0c,2,�lmodva...,""
940cdd0c,3,"Hova, hova",""
940cdd0c,4,Haj�zni kell,""
940cdd0c,5,Mintha,""
940cdd0c,6,Semmi baj,""
940cdd0c,7,T�k�r,""
940cdd0c,8,Hol volt�l?,""
940cdd0c,9,Szerz�d�s,""
940cdd0c,10,M�morj�r�,""
940cdd0c,11,K�zfog�s,""
9608d60b,0,1000 ��� �����,""
9608d60b,1,������� �� �����,""
9608d60b,2,���� ���� �����,""
9608d60b,3,������ � �����,""
9608d60b,4,������ - ��� ����� ����,""
9608d60b,5,���� � �������,""
9608d60b,6,�����,""
9608d60b,7,������� �����,""
9608d60b,8,Files_R12,""
9608d60b,9,������� � ����,""
9608d60b,10,������ ����,""
9b0d360c,0,Sheena Easton / The Lover In Me,""
9b0d360c,1,Howard Jones / Everlasting Love,""
9b0d360c,2,Samantha Fox / I Wanna Have Some Fun,""
9b0d360c,3,Donny Osmond / Sacred Emotion,""
9b0d360c,4,Jody Watley / Real Love,""
9b0d360c,5,Cover Girls / We Can't Go Wrong,""
9b0d360c,6,Technotronic / Pump Up The Jam,""
9b0d360c,7,Edie Brickell And New Bohemians / What I Am,""
9b0d360c,8,Doobie Brothers / The Doctor,""
9b0d360c,9,Great White / Once Bitten Twice Shy,""
9b0d360c,10,Expose / When I Looked At Him,""
9b0d360c,11,Was (Not Was) / Walk The Dinosaur,""
9f07030c,0,Sweeter Than Sugar,""
9f07030c,1,Glad I Met You,""
9f07030c,2,There Is No Sadness,""
9f07030c,3,Love Song,""
9f07030c,4,Hope We Have,""
9f07030c,5,I'm Gonna Miss You,""
9f07030c,6,Girl I Need You,""
9f07030c,7,I'Ll Always Love You,""
9f07030c,8,It'S Gonna Be Alright,""
9f07030c,9,Why Why Why,""
9f07030c,10,You'Re Wonderful,""
9f07030c,11,On And On,""
a807db0d,0,"""Flourish"" from Symphony No. 1 for the Band",""
a807db0d,1,Army of the Nile,""
a807db0d,2,Soloman Levi,""
a807db0d,3,Soldiers of the Queen,""
a807db0d,4,Vimy Ridge,""
a807db0d,5,Atlantic Guardian,""
a807db0d,6,The White Cliffs of Dover,""
a807db0d,7,The Longest Day,""
a807db0d,8,Arromanches,""
a807db0d,9,A Bridge Too Far,""
a807db0d,10,Canada Overseas,""
a807db0d,11,The Duke of Cambridge,""
a807db0d,12,When the Guards are on Parade,""
af0ac60c,0,Native - Rockstone,""
af0ac60c,1,Native - Black Tracks,""
af0ac60c,2,Native - Black Tracks Version,""
af0ac60c,3,Boston Jack - Great God Over In Zion,""
af0ac60c,4,Native - In A Strange Land,""
af0ac60c,5,Native - Late September In May,""
af0ac60c,6,Native - Late September In May Version,""
af0ac60c,7,Native - King Solomon's Mines,""
af0ac60c,8,Native - In The Land Of Make Believe,""
af0ac60c,9,Native/Little Madness - Piano Country,""
af0ac60c,10,Native - Meet Mr. Nobody,""
af0ac60c,11,Native - Meet Mr. Nobody Version,""
b309630d,0,intro,""
b309630d,1,secret garden,""
b309630d,2,pedro's gay,""
b309630d,3,you don't know me,""
b309630d,4,kiss off,""
b309630d,5,month of sundays,""
b309630d,6,*,""
b309630d,7,valley girl,""
b309630d,8,perfect world,""
b309630d,9,bleu,""
b309630d,10,andino,""
b309630d,11,decay,""
b309630d,12,i used to be,""
be0c180f,0,Anton aus Tirol 2007,""
be0c180f,1,Ein Bisschen Spa� muss sein 2004,""
be0c180f,2,Er geh�rt zu mir,""
be0c180f,3,"Theo, wir fahr�n nach lodz",""
be0c180f,4,Lili Marleen,""
be0c180f,5,Das Lied der Schl�mpfe 2004,""
be0c180f,6,Ich Spiel Fussball,""
be0c180f,7,Hey kleines Luder,""
be0c180f,8,Im Krug zum Rosa Kranze,""
be0c180f,9,Vogelwiese,""
be0c180f,10,Te Quiero A Veces,""
be0c180f,11,Oh Suzanna,""
be0c180f,12,Wie geil ist das denn,""
be0c180f,13,H�ttenhammer 2001,""
be0c180f,14,"Hey, wir wool�n die Eisb�ren seh�n",""
be0e260e,0,Margriet Sjoerdsma / The Meaning Of I Love You,""
be0e260e,1,Tineke Postma / Comprendo,""
be0e260e,2,Frank Sinatra / Come Fly With Me,""
be0e260e,3,Robin McKelle / Come Rain Or Come Shine,""
be0e260e,4,Eric Vloeimans With Fay Lovsky / Image Of Wahington - Radio Edit,""
be0e260e,5,Astrud Gilberto / The Girl From Ipanema ,""
be0e260e,6,Moon Baker With Candy Dulfer / ABC Of Romance,""
be0e260e,7,Paul Motian Trio / Tea For Two,""
be0e260e,8,Dexter Gordon / Gues I'll Hang My Tears Out To Dry,""
be0e260e,9,Kim / Summertime,""
be0e260e,10,Gladys Knight / But Not For Me,""
be0e260e,11,The Diamond Five / Ruined Girl,""
be0e260e,12,Cassandra Wilson / I Want To Be Loved,""
be0e260e,13,Gare Du Nord / Marvin & Miles,""
c20f030f,0,Chuck Berry / No Particular Place to Go,""
c20f030f,1,Fleetwood Mac / Need Your Love So Bad,""
c20f030f,2,David Lindley / Mercury Blues,""
c20f030f,3,Rory Gallagher / Let Me in,""
c20f030f,4,Journey / Don't Stop Believing,""
c20f030f,5,REO Speedwagon / Roll With the Changes,""
c20f030f,6,George Thorogood & the Destroyers / Bad to the Bone,""
c20f030f,7,The Velvet Underground / I'm Waiting for the Man,""
c20f030f,8,Jeff Beck / Beck's Bolero,""
c20f030f,9,Thin Lizzy / Whiskey in the Jar,""
c20f030f,10,Johnny Winter / Rock 'n' Roll Hoochie Coo,""
c20f030f,11,Atlanta Rhythm Section / Sky High,""
c20f030f,12,Joe Walsh / Over and Over,""
c20f030f,13,"The Faces / Memphis, Tennessee",""
c20f030f,14,Mott the Hoople / All the Young Dudes,""
d30c020f,0,Smells Like Teen Spirit (Live),""
d30c020f,1,Brass Monkey (Live),""
d30c020f,2,Crazy Bitch (Live),""
d30c020f,3,Me So Horny (Live),""
d30c020f,4,Three's Company (Live),""
d30c020f,5,Lollipop (Live),""
d30c020f,6,Don't Cha (Live),""
d30c020f,7,Toxic (Live),""
d30c020f,8,You Shook Me All Night Long (Live),""
d30c020f,9,Airbag (Live),""
d30c020f,10,Guerilla Radio (Live),""
d30c020f,11,WKRP In Cincinnati (Live),""
d30c020f,12,RC On The Air (Live),""
d30c020f,13,Viva Las Vegas (Live),""
d30c020f,14,Viva La Vida (Live),""
da0aa50f,0,Honky Tonk Two Steppin' Beer Drinkin' Saturday Night,""
da0aa50f,1,All You Ever Do Is Bring Me Down,""
da0aa50f,2,Old Loves Never Die,""
da0aa50f,3,Call The Preacher,""
da0aa50f,4,Seven Spanish Angels,""
da0aa50f,5,Fiddle And Bow,""
da0aa50f,6,In My Next Life,""
da0aa50f,7,(We Owe It All) To Those Who Have Come Before,""
da0aa50f,8,Irma Jackson,""
da0aa50f,9,Buick's to The Moon,""
da0aa50f,10,God Keeps the Wild Flowers Blooming,""
da0aa50f,11,I Wonder Where You Are Tonight,""
da0aa50f,12,Her Heart or Mine,""
da0aa50f,13,Don't Let Me Cross Over,""
da0aa50f,14,Welcome To My World,""
de0eb711,0,Christopher Young & Paul Oakenfold / Swordfish,""
de0eb711,1,Christopher Young / Hydra,""
de0eb711,2,Christopher Young / Morgue Music,""
de0eb711,3,Christopher Young / The Insane Piano,""
de0eb711,4,Christopher Young / Vernon Encrypted Network,""
de0eb711,5,Christopher Young / Digital Footprints,""
de0eb711,6,Christopher Young / Shark River,""
de0eb711,7,Christopher Young & Paul Oakenfold / Music For Violence and Orchestra,""
de0eb711,8,Christopher Young / Crater Lies,""
de0eb711,9,Christopher Young / Helga and the Trojan Horse,""
de0eb711,10,Christopher Young / Wrapped in C-4,""
de0eb711,11,Christopher Young / Swan Song,""
de0eb711,12,Christopher Young / Black Ops,""
de0eb711,13,Christopher Young / Descartes in a Bar,""
de0eb711,14,Christopher Young / Bombs at a Discount,""
de0eb711,15,Christopher Young / Previncial Illusions,""
de0eb711,16,Christopher Young / The Problem with Hollywood,""
df115c11,0,Intro,""
df115c11,1,Allegria,""
df115c11,2,La Dona,""
df115c11,3,El Mauro,""
df115c11,4,Bem Bem Maria,""
df115c11,5,Trista Pena,""
df115c11,6,Odeon,""
df115c11,7,Sin Ella,""
df115c11,8,Quiero Saber,""
df115c11,9,La Quiero,""
df115c11,10,Habla Me,""
df115c11,11,Galaxia,""
df115c11,12,Fandango,""
df115c11,13,Tu Quieres Volver,""
df115c11,14,Oh Ma�,""
df115c11,15,Djobi Djoba,""
df115c11,16,Bamboleo,""
e5116410,0,Both / HOLST(1874-1934): The Planets - Mars,""
e5116410,1,Both / Venus,""
e5116410,2,Both / Mercury,""
e5116410,3,Both / Jupiter,""
e5116410,4,Both / Saturn,""
e5116410,5,Both / Uranus,""
e5116410,6,Both / Neptune,""
e5116410,7,Both / ELGAR(1857-1934): Serenade for strings- Allegro piacevole,""
e5116410,8,Both / Larghetto,""
e5116410,9,Both / Allegretto - Tempo primo,""
e5116410,10,"Both / FRANK BURY (1910-56): Prelude and fugue, Prelude",""
e5116410,11,Both / Fugue,""
e5116410,12,"Both / EDGAR BAINTON(1880-1956): Miniature Suite, Minuet",""
e5116410,13,Both / Barcarolle,""
e5116410,14,Both / English Dance,""
e5116410,15,Both / HOLST: Elegy (In memory of William Morris),""
f1125e11,0,Wezz Devall / Stadium (Radio Edit),""
f1125e11,1,W&W / Shotgun (Radio Edit),""
f1125e11,2,Orjan Nilsen / Endymion (Original Mix Edit),""
f1125e11,3,Sean Tyas / Lekta (Radio Edit),""
f1125e11,4,Sied van Riel / Tunnel Vision (Radio Edit),""
f1125e11,5,Armin van Buuren / We Are Here To Make Some Noise (Radio Edit),""
f1125e11,6,Shogun / Amplify (Radio Edit),""
f1125e11,7,Protoculture / Cobalt (Radio Edit),""
f1125e11,8,Emma Hewitt / Miss You Paradise (Shogun Remix Radio Edit),""
f1125e11,9,Ruben de Ronde & Woody van Eyden / Devan (Radio Edit),""
f1125e11,10,Matt Darey / Hold On (Radio Edit),""
f1125e11,11,Markus Schulz & Dennis Sheperd / Go! (Radio Edit),""
f1125e11,12,Roger Shah feat. Inger Hansen / Dance With Me (Tomas Heredia Radio Edit),""
f1125e11,13,Heatbeat / Chow Mein (Radio Edit),""
f1125e11,14,Lemon & Einar K presents Capa / Bit By ... (Radio Edit),""
f1125e11,15,Aly & Fila vs. Jwaydan / Coming Home (Radio Mix),""
f1125e11,16,Eco / Echoes (Radio Edit),""
f312b010,0,メモリーズ･オブ･リリアン,""
f312b010,1,ランダム･キス,""
f312b010,2,フェアウェル･トゥ･ガン,""
f312b010,3,キンダーガーデン･ブルース,""
f312b010,4,ジャズ･ミー･ロウ･ダウン,""
f312b010,5,ストムピン･アット･ザ･サンボア,""
f312b010,6,ラヴ･イン･ダークネス,""
f312b010,7,ロリータ,""
f312b010,8,メモリーズ･オブ･リリアン,""
f312b010,9,ランダム･キス,""
f312b010,10,フェアウェル･トゥ･ガン,""
f312b010,11,キンダーガーデン･ブルース,""
f312b010,12,ジャズ･ミー･ロウ･ダウン,""
f312b010,13,ストムピン･アット･ザ･サンボア,""
f312b010,14,ラヴ･イン･ダークネス,""
f312b010,15,ロリータ,""
fb0d3e13,0,"No. 52, Sinfonia",""
fb0d3e13,1,"No. 53, Recitativo",""
fb0d3e13,2,"No. 54, Aria ",""
fb0d3e13,3,"No. 54a, Sataband",""
fb0d3e13,4,"No. 54b, Aria: Sarabanda Piacere",""
fb0d3e13,5,"No. 55, Recitativo",""
fb0d3e13,6,"No. 56, Aria",""
fb0d3e13,7,"No. 57, Recitaaativo",""
fb0d3e13,8,"No. 58, Aria",""
fb0d3e13,9,"No. 59, Recitativo",""
fb0d3e13,10,"No. 60, Aria",""
fb0d3e13,11,"No. 61, Accompaganto",""
fb0d3e13,12,"No. 62, Aria",""
fb0d3e13,13,"No. 63, Recitativo",""
fb0d3e13,14,"No. 64, Aria",""
fb0d3e13,15,"No. 65, Accompaganto",""
fb0d3e13,16,"No. 66, Aria",""
fb0d3e13,17,"No. 67, Concerto per Organo",""
fb0d3e13,18,"No. 68, Coro",""
