id,gid,name,artist_credit,length,comment,edits_pending,last_updated,video
14983260,49ea3d92-770c-4d59-924f-113397e36da0,Play Car (Version),295188,199000,"",0,2013-06-05 18:46:24.529824+02,f
2069398,61d17d99-cb92-4cce-8e51-72d998c3d7f7,After the Dance (instrumental),962,333866,"",0,,f
10681160,49106822-9d09-40d5-b892-bdd22ac8ffb0,Free Son,469473,,"",0,,f
13209382,6bf8b830-a810-49cc-8681-2a3e82b48858,Κι εσύ αργείς,219729,,"",0,2012-02-01 16:16:06.769627+01,f
2069409,baee67cf-6cb8-45b4-9f2c-26fe20ad6f5e,Is Anybody Thinking About Their Living,962,263520,"",0,,f
7358181,8634251f-b724-4677-b0ff-c1e913dce8a8,"Symphony No. 14, BVN 336 ""Morgenen"": VI. ""Farmænd"" farer til kontoret (""Dads"" Rush to the Office)",471912,101866,"",0,,f
2175917,b8f2dbd1-704b-4c2f-b738-f65a94acbc83,Baby Please Don't Go,58589,194666,"",0,,f
9789005,f5f1ad84-5561-408e-9037-6cc898c78f01,Plump,3382,343000,"",0,,f
11152096,8f1e2da6-0905-4b21-a309-6920ead9f30d,"Symphony no. 8 in E-flat major ""Symphony of a Thousand"": Teil I, Bar 169. Tempo I. Allegro impetouso",1139422,80773,"",0,2013-03-14 18:49:54.801241+01,f
5977379,2623329d-deae-4613-b74c-26bdb29947cb,Spawned by Evil,79977,201666,"",0,,f
10238872,c189a421-e8ac-45bf-a0a0-c5e0eec9d5d0,Haust,132349,164466,"",0,,f
547856,82fe689c-b950-4bf4-aff2-1df0a9fafd0b,I Want You (intro jam),962,19733,"",0,,f
13168479,8e79921a-abab-4509-8af4-5ad2a2412994,Питерский флоу,529441,243000,"",0,2012-01-21 00:06:54.291585+01,f
9788998,66713bbd-8df9-4ddd-adf7-2a925424d943,Contigo,403795,308000,"",0,,f
10238875,90fa722c-524a-4c82-a339-fa40abf90109,Danset natten lang,132349,187360,"",0,,f
7358176,be2d4c39-1361-4499-8396-285463f6a080,"Symphony No. 14, BVN 336 ""Morgenen"": I. Indledningsfanfare (Introductory Fanfare)",471912,131680,"",0,,f
10238879,6d563322-b8ae-4752-b96d-783a3a5d5ef4,Sundagskveld,132349,175333,"",0,,f
5271175,38577a3c-306a-4891-8af4-d78479630e38,Help Me Through the Day,325605,366026,"",0,,f
3501144,cc8a8bbc-f3e3-4c19-92fa-715d22591a69,Don't Turn Me On,11340,189706,"",0,,f
2175908,c8d23ce2-ffa0-4251-9c8d-83549300526f,Frisco Bay,58589,201693,"",0,,f
6257473,404b01b2-6d80-411a-97a8-c423806a3a57,Strange Love (Feel All My Love Inside) (instrumental),962,177706,"",0,,f
8229826,acd64ce1-d663-4baa-97ac-a372398746e8,In 10city,335106,249000,"part of a “Technics DJ Set, Volume 16” DJ‐mix",0,2013-05-12 20:30:55.150019+02,f
5930432,addaa94a-f2bb-4b63-a598-78617d2a797f,Gå med I lunden,187812,179000,"",0,,f
6257463,6639d78a-9096-4a46-a77d-d57c49738a60,Feel All My Love Inside,962,203826,"",0,,f
12290749,65d69bf5-05f9-44cc-a378-c2866331b7c1,Der Winter ist gekommen,761525,136360,"",0,,f
4554726,481b0b0b-b8b8-4447-ad35-79314134a67c,Broch yng Nghod (Badger in the Bag),199457,,"",0,,f
2899489,47d32392-6bc4-429c-9d95-78ec93132ad7,"Never, Never, Never (Grande, Grande, Grande)",20422,246133,"",0,,f
3199561,f8d38ada-c0c9-454d-ad17-c5ce263cabd4,Greenman,3214,,"",0,,f
2322700,b03841ec-0aa1-4ca1-8f54-c5cfe2e3bc3c,Right Where I Was Told,158469,159373,"",0,,f
3062924,84ebd9e4-6ec0-4377-a049-59f500f04505,Mais dans la lumière,51778,217866,"",0,2011-11-04 17:04:23.715624+01,f
10320249,8cd5f71b-b06b-44c9-86cf-6a5c44603613,בינתיים רוקד,153623,,"",0,,f
11152099,12c07515-254c-48e0-abfc-fde0515ea449,"Symphony no. 8 in E-flat major ""Symphony of a Thousand"": Teil I, Bar 408. ""Veni, creator spiritus""",1139422,184106,"",0,2013-03-14 18:49:54.801241+01,f
1677172,8f97e917-1a6c-47a6-9bb8-b943fe7fcd81,Champagne & Reefer,8436,363426,"",0,,f
8229882,15064af9-0b61-4126-bb22-1ce36111f4dc,Rocking (Stoneface & Terminal remix),127468,315000,"part of a “Technics DJ Set, Volume 16” DJ‐mix",0,2013-05-12 20:31:48.269409+02,f
547853,96a04f6c-6526-4554-9188-735f1a1d1410,After the Dance (instrumental),962,265426,"",0,,f
11653741,73baed21-6498-4aba-9fa8-57e894abf835,Buddha's Birthday,608372,536000,"",0,,f
11152113,9fcf92d9-3055-4767-85d4-455cc5335893,"Symphony no. 8 in E-flat major ""Symphony of a Thousand"": Teil II, Bar 1093. ""Neige, neige"" (Una poenitentium)",1139422,49000,"",0,2013-03-14 18:49:54.801241+01,f
13782321,ab5b74ea-ab8b-4d01-b10c-035eac7c6c0c,Buckin' My Horse,1154853,270000,"",0,2013-04-19 20:00:24.079323+02,f
1677165,9be76f36-6d5e-4295-bba2-e6967d707a5b,I Wanna Get High,84,221933,"",0,,f
2819323,24248b0b-9009-4fe7-92fd-cec022cbfbbc,What About Love,2778,325533,"",0,2013-07-12 04:00:36.157567+02,f
11262540,80722302-1ae6-4d5d-9354-6239dd408027,Astronomica,55290,296000,"",0,,f
2735553,03bf8f78-e9d1-472d-a499-22c29774074e,Trip You Up,170912,,"",0,,f
7358177,79079fe4-8993-4bdf-90df-f5e48704ab0e,"Symphony No. 14, BVN 336 ""Morgenen"": II. Upåagtede morgenstjerner (Unnoticed Morning Stars)",471912,437493,"",0,,f
12889869,83079494-b69f-44ea-95fb-d9d5bf83c2f9,Falling Star (Radio Edit - Vandit),48339,220000,"",0,2011-11-01 06:54:27.361852+01,f
13782323,a1089270-2044-43dc-ba69-6d27fd933bcb,Why Do Rappers Lie?,1154853,207000,"",0,2013-04-19 20:00:24.079323+02,f
2899490,0371d13e-c6fd-40e4-ae77-b96d17059927,"Ae, Ao",20422,254200,"",0,,f
12215186,2ddd70ff-d7d9-4aaf-89da-7d714ce7e6b3,The Space Between Atoms,707464,,"",0,,f
4554741,8c73307b-8454-41cd-ba4c-3aa186ccdb69,Lledr Braf o Wymon (Fine Leather from Seaweed),199457,,"",0,,f
2069407,380fa96a-569c-42bc-a368-8878f2601b17,I Wanna Be Where You Are (After the Dance demo),962,241226,"",0,,f
7865367,acab63de-7713-4f02-b135-fc166399552d,"Summer Rainbow (Stardub's Stripped Down to the Bone"" edit)""",66574,,"",0,,f
5271177,aa359645-cbd0-400b-8804-a722058f6269,Ain't Nobody's Business,318914,224106,"",0,,f
72665,fe5c5b65-fd59-4f94-9f89-efdc490864ba,Long Count,5489,358000,"",0,,f
10320240,fa86488f-3724-4dba-9082-ad3ceecdfb48,מעבר לנהר,153623,,"",0,,f
14066373,df9079ee-bef2-4c55-9e59-ab0fbd881e43,Schizophreak,977507,366000,"",0,2012-10-08 19:49:27.166865+02,f
12290743,4245359d-7ac4-44e5-88c9-29b0892150d0,"Herr Wirt, so lösche unsre Brände",761525,133213,"",0,,f
6864078,9c1c5a60-32b3-4fb8-a63d-0bdbd9f977d4,Orion,5025,264213,"",0,,f
8656599,d7d81b1d-0078-402c-ac8c-6dc5a982a0f4,[untitled],222898,,"",0,,f
544046,cc27c0f9-d297-4987-a69f-89a2a4b39152,You've Lost That Lovin' Feeling,37921,279933,"",0,2011-11-23 19:00:17.212198+01,f
4721875,fe993d8c-acae-4d42-940c-af8212a7a5ef,One Life To Live,78207,215266,"",0,,f
7345351,ad39731d-f25c-4cd8-b823-bff84ab13293,The Jig Saw,57588,394720,"",0,,f
5930427,7337b359-7963-48e3-aa53-669a073d296e,Jeg vil leve á la carte,187812,210973,"",0,,f
1750763,b26a790e-18c8-480f-923f-8c7c80c853bb,One on One (12'' version),37921,332000,"",0,,f
5930387,c45414e0-6859-43d0-8fa4-7919269111f7,Jeg gi'r mit humør en gang lak,187812,205200,"",0,,f
12290761,9e5beb78-0905-4e6c-a0e2-e4556dfa186e,"Bet, Kinder bet",761525,61453,"",0,,f
14869544,bff8519b-6c05-4366-9b27-72aa5f2a329b,Back To The Wall,1159548,190000,"",0,2013-05-01 17:30:58.849982+02,f
1583288,0ea2fb7d-44db-43f2-a1be-974d2286ad4b,Sadness,112011,259360,"",0,,f
5930419,d97d454d-efda-440d-ab8b-8796b42b9102,Valencia,187812,149733,"",0,,f
4632437,39b11716-6508-41cc-a5bc-4c20baec2171,Into Another Life,212213,238000,"",0,,f
3972391,48a3bd6b-abea-4fe6-9062-e07f9b73dd47,Shimmy Shimmy Ya (extended a cappella),841922,207000,"",0,2012-10-29 12:38:49.701452+01,f
14583482,9633d587-4496-4fbd-bb61-a4e8aa5f538c,Dawning on the Red Streets [radio edit],826231,276000,"",0,2013-02-12 05:28:56.080463+01,f
7358180,fc40b19c-0f10-40a7-a951-079e3f142aff,"Symphony No. 14, BVN 336 ""Morgenen"": V. Radio-Caruso og tvangsenergi (Radio-Caruso and Forced Energy)",471912,355893,"",0,,f
11152111,77203aef-a2ad-4d62-ae9a-a8d105c47a81,"Symphony no. 8 in E-flat major ""Symphony of a Thousand"": Teil II, Bar 780. ""Dir, der Unberührbaren"" (Chor I/II) - ""Du schwebst zu Höhen"" (Chor der Büsserinnen und Una poenitentium)",1139422,184306,"",0,2013-03-14 18:49:54.801241+01,f
15194508,0b662f31-5ca4-4c16-9320-cb74ca532172,"""Der Herr ist mein Hirt"", SWV 33",1206709,255000,"",0,2013-08-17 20:20:17.387859+02,f
14066362,885105de-8825-4f59-abd9-fd65623fa4bd,Brake Your Neck,977507,495000,"",0,2012-10-08 19:49:27.166865+02,f
3062925,33f6bedc-8278-4b32-99a8-7d82c66199fa,Summertime,51778,227560,"",0,2011-11-04 17:04:12.084469+01,f
14066376,4a2f2c4c-1a5e-45dc-a65f-46afdba8b94b,Trama,977507,454000,"",0,2012-10-08 19:49:27.166865+02,f
1750762,9849507c-e24c-42b3-84a9-265ba3323a13,Possession Obsession,37921,278560,"",0,,f
13782329,79285a2b-5031-4cb7-b87c-1f4f9f124b3d,My Hooptie,1154853,287000,"",0,2013-04-19 20:00:24.079323+02,f
2069404,ca55657d-adf5-4289-8fd5-a400a85ba74c,Soon I'll Be Loving You Again (alternate),962,270186,"",0,,f
14869549,40c2790a-6b7a-402d-ab36-cd220268d7fe,The Roman Games,1159548,328000,"",0,2013-05-01 17:30:58.849982+02,f
12290748,829a1fb2-f64d-4527-bb91-4a0806385879,Starkdeutschwalzer,761525,138186,"",0,,f
2090902,c83bcb39-70da-4a57-82af-8251ee597663,Dreams Shall Flesh,79977,318653,"",0,,f
2069405,c343247a-2e12-4c98-a6ff-89d44aea9251,I Want You (undubbed Instrumental),962,292266,"",0,,f
4554734,9a2db131-fd27-463d-9a34-52854d64a16e,Manawydan yn Llundain (Manawydan in London),199457,,"",0,,f
12290755,f3fa2bc2-cfd1-49c6-b3ab-d20ee6ff725d,Es ist an der Zeit,761525,305280,"",0,,f
4164535,b03c9f57-b346-469b-b63a-be10fb5ca694,Black Betty (version album),11340,238893,"",0,,f
4721877,b5b6c8e6-7d81-427e-84fe-f5de0c20a74c,Wake Me Up!,78207,237200,"",0,,f
4721876,4d2e7e0a-9240-4fcf-96d0-d8fb8fe74080,Fly Away,78207,460600,"",0,,f
5930379,2b5ffe14-13a3-4f8e-b5b2-3d09e451edc5,Det er håbløst at indhente tiden,187812,206466,"",0,,f
8445961,939d2bae-0511-4aa9-aa72-6a05177b9ebf,Objective One,157129,,"",0,,f
9788994,41facabd-3d50-444c-8a43-4294247fe4d7,Wagga,89460,124000,"",0,,f
6864069,bb760ee5-3f98-4477-ab18-56b7c68a5376,Back in the Day,1104,211386,"",0,,f
8445960,4c920a66-26e6-4719-b48b-6613bee16d62,Half Baked,157129,,"",0,,f
547854,cbac6f44-37e3-4bf5-b4db-08a0b9d89c9f,Feel All My Love Inside,962,202773,"",0,,f
5271172,907b3010-9414-429b-b5eb-99fe58805893,Castin' My Spell,125575,210746,"",0,,f
11152106,24d37c76-ea2c-4427-8d77-ff3efa4ee7db,"Symphony no. 8 in E-flat major ""Symphony of a Thousand"": Teil II, Bar Bar 384/385. ""Gerettet ist das edle Glied"" (Chor der Engel) - ""Hände verschlinget euch"" (Chor seliger Knaben)",1139422,57466,"",0,2013-03-14 18:49:54.801241+01,f
11152114,91320038-a87c-47af-8474-90e9831a3026,"Symphony no. 8 in E-flat major ""Symphony of a Thousand"": Teil II, Bar 1138. ""Er überwächst uns schon"" (Selige Knaben) - ""Vom edlen Geisterchor umgeben"" (Una poenitentium)",1139422,170266,"",0,2013-03-14 18:49:54.801241+01,f
11177649,2b083212-1464-4808-809d-981b2e53a694,"Tout donné, tout repris",51778,216040,"",0,2011-11-04 17:04:11.577741+01,f
13782326,7ccda090-8d67-41f4-bd14-4db38584e9c8,Posin' Like a Playa,1154853,266000,"",0,2013-04-19 20:00:24.079323+02,f
13209387,9da4f100-014b-41ab-926e-6dcd236b14a8,Έλα ε!,219729,,"",0,2012-02-01 16:16:06.769627+01,f
8229890,9480d8bf-7f8c-407c-80f1-1afeca71c290,Check My Beat,462963,115000,"part of a “Technics DJ Set, Volume 16” DJ‐mix",0,2013-05-12 20:32:20.664833+02,f
11485626,815ba813-595a-40ed-88e2-13bd8e756d80,Renegade in X-Ill,60455,267000,"",0,,f
2175912,3a40a780-3769-46ee-b3ee-afc65938868d,Names,58589,178466,"",0,,f
2899495,fccf2585-eca6-4fa7-9648-4f582c544c5e,If I Ever Needed You (I Need You Now),20422,226306,"",0,,f
12290756,129902d8-8cb3-43e0-8c8f-02c9d902d500,Die Taube,761525,218173,"",0,,f
12290738,3370f5d3-2968-40ed-bc61-33c944f9c80c,Ole's Tanz,761525,96760,"",0,,f
8229888,880e59ea-2df4-487c-b728-db2a0b0c67da,Explosion,352987,161000,"part of a “Technics DJ Set, Volume 16” DJ‐mix",0,2013-05-12 20:32:12.722381+02,f
14066372,1d8eea9b-422b-4737-871e-a440e9492980,Rhythm of the Roots,977507,389000,"",0,2012-10-08 19:49:27.166865+02,f
7865370,d35428be-8919-4d6c-806b-37b40843ed55,Cherrypoppers (Tom Clark remix),77940,,"",0,,f
7865369,97bb1769-efaa-4027-a385-219bb0808cf2,Blunt (Junkie Sartre remix),506278,,"",0,,f
4554728,bfb8bbeb-97f6-4eb0-829e-6e7fbdb28b4c,Enwi Pryderi (Naming Pryderi),199457,,"",0,,f
11653747,0bc8efbb-d742-4bf6-9188-bd5490c15e26,Teleportation Technology,754748,356000,"",0,,f
6257471,cc444461-f54d-4438-9e56-0b119e6901b0,"I Want You (vocal, promo only version)",962,218000,"",0,,f
2175914,399613df-b148-4b5d-94d3-f64298c82341,Speak of the Devil,58589,193600,"",0,,f
11152110,b2997fa8-6e90-464a-bbd3-a0def7c11970,"Symphony no. 8 in E-flat major ""Symphony of a Thousand"": Teil II, Bar 639. ""Höchste Herrscherin in der Welt"" (Doctor Marianus)",1139422,226800,"",0,2013-03-14 18:49:54.801241+01,f
10320250,af56af76-2345-4b60-aa59-026522753e5e,סיטואציה,153623,,"",0,,f
4721874,426091be-1b51-4da3-921a-1ccd6949db7d,Perfect World,78207,249866,"",0,,f
11152095,9f79363a-dfac-4e75-b387-5b7cd7976246,"Symphony no. 8 in E-flat major ""Symphony of a Thousand"": Teil I, Bar 122. ""Infirma nostri corporis""",1139422,128160,"",0,2013-03-14 18:49:54.801241+01,f
8672665,379869a7-2f63-402c-a0c0-d1cf9f94a63f,Laisse-moi t'aimer,51778,203000,"",0,2012-08-29 01:00:07.753359+02,f
7345348,d28de4fb-603f-4023-9153-6500ac35b75c,"Love Theme From ""Spartacus""",57588,340893,"",0,,f
5271178,acbd4217-d643-4859-ad80-d9bfd713d668,Running Shoes,6103,332760,"",0,,f
11485630,71ecc817-a49b-48dd-9529-b1247d05fb2a,Noizze Time,60455,252000,"",0,,f
12290759,8c58a8c3-7f8d-4f18-b829-2fccc48656db,The Leaving of Liverpool,761525,227720,"",0,,f
2322701,bc031616-a482-46bf-8974-6d2b45e09aed,Your Blood's Too Thick,158469,206306,"",0,,f
11256904,f3eb75d0-dbaf-4d1d-a303-e01ede423bc9,Pulse,94820,,"",0,,f
13168473,ed9042fb-6ba7-40fe-b566-6184cb8cb308,Журавлики,529441,220000,"",0,2012-01-21 00:06:54.291585+01,f
9788995,9557cc50-4afb-4a81-8473-a40d563397c1,Mother Earth,592846,334000,"",0,,f
11262541,c992e797-b94e-4471-bcf7-07f629386aca,Edge Of Forever,55290,348000,"",0,,f
9789006,cbb4b644-5a01-41ca-a570-60841e62f769,Melodie Für Jessica (Deep Dive Corp. mix),205715,357000,"",0,,f
5930391,bf8bf4d6-a8f0-4cc2-bb68-907961246b59,Jeg ku' bli' no'et så 1-2-3,187812,335533,"",0,,f
14066363,5c3704fb-a2ed-41a7-8a6f-3a02d0dbd4bf,Conclave Oibscrum,977507,192000,"",0,2012-10-08 19:49:27.166865+02,f
2716451,2aae963d-5eb9-4410-ae4b-9603046dca39,Ridden With Disease,79977,277800,"",0,,f
12290750,467137fa-550a-4434-a15b-110d7ff82e66,"Lustig, lustig ihr lieben Brüder",761525,270813,"",0,,f
13209388,ec29bf2a-072b-4e0d-8194-53852fddb029,Πιο ψηλά,219729,,"",0,2012-02-01 16:16:06.769627+01,f
13782322,f4e8f785-3408-4a8a-b4e9-fb67bf6f3c46,Baby Got Back,1154853,263000,"",0,2013-04-19 20:00:24.079323+02,f
12215187,967b0f2d-2ec5-4829-97d0-3606e700e77b,Return of The Astronaut,707464,,"",0,,f
8229819,03badfb2-bfc4-44b4-9fdd-75d23b80956c,Edge of Space,363392,335000,"part of a “Technics DJ Set, Volume 16” DJ‐mix",0,2013-05-12 20:30:28.95044+02,f
2175919,0591334b-82fc-4d9d-97c1-05a3793ac0bd,I'm Ready,58589,180026,"",0,,f
9789002,4d92e5f6-cf92-4acd-9e0b-83c15fbbb5e6,Better Days,356640,369000,"",0,,f
4632432,35944dcc-2333-4546-9d4a-ba5dc363f4f0,The Everlasting Grudge,212213,216000,"",0,,f
4708904,4ccdd2bb-e9aa-4f16-b228-f1d027df5085,Prelude,205712,56000,"",0,2013-06-05 18:46:24.529824+02,f
6864084,9196e51e-6cd0-4e8c-928b-2d8ca7043562,The Crestfallen,10971,227146,"",0,,f
11177647,c8b8b74d-7397-407f-8329-80b0bdf08ad9,Qui saura,51778,204133,"",0,2011-11-06 22:03:30.457856+01,f
2908089,06a4d37d-5e00-4609-b50a-3c936b71652d,Rien qu'une larme,51778,204000,"",0,,f
5271168,60081fa2-bc0a-4fa5-af03-01fc2b796f54,Come on in My Kitchen,203582,242493,"",0,,f
7358168,6aaac133-2e9b-4d62-ae54-8e653c8f484e,"Symphony No. 12, BVN 318 ""Hélsingeborg""",471912,426493,"",0,,f
6946458,4fd063fa-c0e9-4dfc-82ce-50534134d620,La Musique au fond du cœur,51778,195000,"",0,2011-06-18 01:00:13.767122+02,f
8656596,f1cf1fc9-8d85-4127-bc3d-cd342def9160,[untitled],222898,,"",0,,f
11653738,35e0feb2-dae8-40c2-b425-b96c0db5d0db,Bass Room,754767,386000,"",0,,f
14006987,925dee85-81fc-4eca-ac38-6e405ce9421f,Bong,470869,362000,"",0,2012-09-20 10:30:49.895005+02,f
12889866,8d6f7186-4b3e-402a-bfc7-dbdd1772dfcf,Falling Star (Radio Edit),48339,213000,"",0,2011-11-01 06:54:27.361852+01,f
13209381,445f619b-d477-4787-aafe-94fd1ca3b1bd,Να πληρώνω,219729,,"",0,2012-02-01 16:16:06.769627+01,f
4721883,341011f4-1035-4b0c-a31d-40d3d7e8ff36,Wake Me Up! (Extended Version),78207,590040,"",0,,f
11152098,a2fc2351-189b-4979-b78c-5e6cf8f5f253,"Symphony no. 8 in E-flat major ""Symphony of a Thousand"": Teil I, Bar 258. ""Accende lumen sensibus""",1139422,253066,"",0,2013-03-14 18:49:54.801241+01,f
12889864,5b2fd1b8-34cf-4cb8-8cc1-2dd6a478c1da,Falling Star (Daniele Tignino Dub Mix),48339,419000,"",0,2011-11-01 06:54:27.361852+01,f
14066371,fce77c14-c80c-4803-af41-4523ba38f5c0,Reuptake,977507,433000,"",0,2012-10-08 19:49:27.166865+02,f
6257472,765f08d7-922f-4ace-8967-da9174e7b3b5,I Want You (instrumental),962,279000,"",0,,f
8229831,cc1b1d10-fc2a-4243-8482-33e40084e911,Energy Is You,166923,151000,"part of a “Technics DJ Set, Volume 16” DJ‐mix",0,2013-05-12 20:31:15.832709+02,f
14583483,9bfd20c8-aadc-48b3-8fca-8a6f607d33d3,Can You Let It Go?,826231,212000,"",0,2013-02-12 05:28:56.080463+01,f
11485609,daf1ebea-9ec7-4688-9c4b-c0fdc3faf5d1,Livin' With Friction,60455,293000,"",0,,f
11152105,be6d7380-1ba8-4413-8d9c-c0fdff015335,"Symphony no. 8 in E-flat major ""Symphony of a Thousand"": Teil II, Bar 261. ""Wie Felsenabgrund mir zu Füssen"" (Pater profundus)",1139422,260266,"",0,2013-03-14 18:49:54.801241+01,f
9789004,295198d4-5ace-41ea-a102-7c6ac9f56474,Yours,118458,292000,"",0,,f
5930420,10688ffb-6875-47ec-84c2-7b33070e4ff8,Lige glad over det hele,187812,131333,"",0,,f
12290745,7732f388-473e-4a07-b04f-bf8a342351ea,Badisches Wiegenlied,761525,150026,"",0,,f
4632430,156fbcb3-a9c2-40da-92b2-a4fdb05e42a1,The Gift,212213,75000,"",0,,f
8229823,2fd39c35-452b-4007-8885-deca22c6cd47,Heaven's Tears,814284,296000,"part of a “Technics DJ Set, Volume 16” DJ‐mix",0,2013-05-12 20:30:43.203733+02,f
2069408,caca810f-65f4-498d-b3db-41510d7ab759,You Are the Way You Are (instrumental),962,266266,"",0,,f
8229832,3bb4645c-31bb-4e8e-a25b-ad32f3bef818,Move Alone,181957,278000,"part of a “Technics DJ Set, Volume 16” DJ‐mix",0,2013-05-12 20:31:24.344957+02,f
5271170,9e20850f-6897-484f-9592-1e72a2168eed,Soul of a Man,79302,300226,"",0,,f
4721884,57c86226-3f02-4a6d-998a-25e44bdb7c31,L'Audioarmonia (Extended Version),78207,441400,"",0,,f
11152112,03dcf72d-05d8-4367-a37d-8af4cd09822a,"Symphony no. 8 in E-flat major ""Symphony of a Thousand"": Teil II, Bar 868. ""Bei der Liebe, die den Füssen"" (Magna Peccatrix) - ""Bei dem Bronn, zu dem schon weiland"" (Mulier Samaritana) - ""Bei dem hochgeweihten Orte"" (Maria Aegyptiaca)",1139422,265893,"",0,2013-03-14 18:49:54.801241+01,f
13168469,df7c964d-d4c5-4326-9fb4-a3f9b732d471,Кто я,529441,226000,"",0,2012-01-21 00:06:54.291585+01,f
5930439,29f2b186-da5b-4906-9084-e57cc2b08066,Det' naturen der kræver sin ret,187812,183466,"",0,,f
5930390,0319c099-51a0-422b-a00c-d7010b91f8f2,Jeg har kun lige til skatten,187812,205333,"",0,,f
11152101,adbe37c6-3f2e-4b0c-9ca8-5ecffc9f00f1,"Symphony no. 8 in E-flat major ""Symphony of a Thousand"": Teil II, Bar 1. Poco adagio",1139422,343600,"",0,2013-03-14 18:49:54.801241+01,f
4554724,29c07402-4c37-4dcd-a682-5950a8f999a3,Pwyll,199457,,"",0,,f
12889863,51f49b71-3852-440c-9531-36df03fe1243,Falling Star (Original Vox Mix),48339,401000,"",0,2011-11-01 06:54:27.361852+01,f
2175916,5ebe9376-56ba-4ac5-94d8-3c057e07ff81,At Some Time,58589,255533,"",0,,f
11262539,08848836-41b2-4b30-9ad3-c977baaf58ab,Touch The Sun,55290,348000,"",0,,f
5930395,b591a885-2df0-4f42-b9f9-c983430de505,På min lysegrønne ø,187812,293226,"",0,,f
14066365,70b8a8b6-d375-47bb-b7d4-fe5be641cb9c,Electroshock,977507,323000,"",0,2012-10-08 19:49:27.166865+02,f
1172285,77aa328f-b837-4387-91e6-ac57a7be59aa,"Do What You Want, Be What You Are",37921,276026,"",0,2013-03-10 10:00:29.974316+01,f
10238880,f79fd3ee-2b29-40ca-a26d-fa4235d62eb7,Fager kveldsol,132349,141466,"",0,,f
15194513,0d08a96d-5931-489f-800d-c68045dca2b8,"""Zion spricht: der Herr hat mich verlassen"", SWV 46",1206709,442000,"",0,2013-08-17 20:20:17.387859+02,f
2069396,76cef07a-6dd1-4c9b-a9f0-a1dd375f4ccd,I Want You (Vocal & Rhythm),962,305800,"",0,,f
10389434,bd26e215-9966-4f7d-9be9-2f7beb282767,Hau Dena (Zion Train remix),136847,217186,"",0,,f
14419864,cbcf25dc-784c-4067-a8e6-4b94398cc41f,Memories,826231,281000,"",0,2013-01-08 02:00:34.045959+01,f
313858,b13516b7-c941-47af-b159-6acf02bb7e6d,Walking Wounded (Dave Wallace remix),319,496040,"",0,,f
72667,6dbfb089-e4ef-45a1-872b-d2a32a742ef7,Ding Ding,5489,264000,"",0,,f
2322702,129b598b-7102-40a7-8366-9be31e4e1225,After Dark,158469,108253,"",0,,f
11152097,e4feb81b-ddc5-43c8-b09e-357136196d16,"Symphony no. 8 in E-flat major ""Symphony of a Thousand"": Teil I, Bar 211. ""Infirma nostri corporis""",1139422,144093,"",0,2013-03-14 18:49:54.801241+01,f
8229827,3bfe8e76-460a-4a0a-adcf-03284517de9c,For the Love of a Princess (Braveheart 2006) (DJ Scot Project remix),9811,295000,"part of a “Technics DJ Set, Volume 16” DJ‐mix",0,2013-05-12 20:31:03.930814+02,f
6864076,a5095ff0-f1c3-4abb-96b2-316a977bad8e,Writing on the Wall,33866,237920,"",0,,f
10238877,7bef7167-d4b8-48e7-9c62-8a3bad55c7b7,Vandraren,132349,203626,"",0,,f
5930389,4997b38a-017d-46d7-87b1-be41acd71449,I gør Dyveke til due,187812,192400,"",0,,f
8229820,c4541d3f-88bd-4fb5-bb2b-e93bd348774e,Breeze,335589,305000,"part of a “Technics DJ Set, Volume 16” DJ‐mix",0,2013-05-12 20:30:30.848437+02,f
13168475,c7d13352-580f-4bf6-b955-1af7f1ca60d6,Постепенно,529441,262000,"",0,2012-01-21 00:06:54.291585+01,f
2233811,5a5ab0d7-7884-4061-9c01-e0a32c93dde0,Into Armageddon,79977,277400,"",0,,f
6864073,466e3d95-d1aa-4b35-b272-7b5e1ff83ac4,Bitter Glass,1366,278880,"",0,,f
12290744,d4e85445-1800-492c-a591-63d56c312263,"Kum, fauler Lenz",761525,120560,"",0,,f
280584,bbf09373-d576-4126-9e2b-d2106d565c61,Black Betty (version courte),11340,156026,"",0,,f
3903321,9520f763-eaf2-47a7-a55b-4addb1069816,Solar Waves,205714,174000,"",0,,f
10389428,808f2753-7dc4-4f56-8ff2-facdc52a9b49,Iragarkien Tartea (Zion Train remix),136847,212106,"",0,,f
10389426,f55c87e7-af3e-4c3e-9b2c-4349781b90ef,Asthmatic Lion (P3Z remix),136847,211600,"",0,,f
3903324,009ca755-ff08-4d6a-a035-ab4176bfd7cf,"Tomorrow, Yesterday",205714,224000,"",0,,f
4554733,1f79b30f-143a-4447-bcf7-687521ca386f,Hwiangerdd (Cradlesong),199457,,"",0,,f
13168472,e4dd00cd-9378-4244-9b30-29975dae8872,Прячься,529441,183000,"",0,2012-01-21 00:06:54.291585+01,f
11653740,67553536-fd6b-4edc-a7da-d5434c3abb21,Meteorite,618958,404000,"",0,,f
14066374,e253ce47-2138-48ca-96f8-a777b1ed2b05,Skeletons on Batteries,977507,365000,"",0,2012-10-08 19:49:27.166865+02,f
14869545,6e0cb08b-38be-47c4-af85-1329b742a0b3,Revolution,1159548,258000,"",0,2013-05-01 17:30:58.849982+02,f
4554737,f13edce7-4b98-48e3-a4b5-984d9ec2bbfa,Crogbren i Lygoden (A Gallows for a Mouse),199457,,"",0,,f
3062917,67e9d262-93ca-4cfb-b827-b1db764eaabe,Viens ce soir,51778,203533,"",0,,f
12290736,3165a51c-0dde-49aa-bab4-bd59ec0a1e2b,Es waren drei Gesellen,761525,221240,"",0,,f
1583290,fdc82649-be01-493c-a68a-94f1db32c8a5,Deeper Than Blue,112011,274586,"",0,,f
13209389,669d0db3-36f0-403f-8463-853a527f1b0e,Κρυμμένο μυστικό,219729,,"",0,2012-02-01 16:16:06.769627+01,f
11152116,9d99ddd8-6bfe-4ab4-a4a4-57507d28e095,"Symphony no. 8 in E-flat major ""Symphony of a Thousand"": Teil II, Bar 1449. Chorus mysticus: Alles Vergängliche ist nur ein Gleichnis",1139422,309773,"",0,2013-03-14 18:49:54.801241+01,f
1583282,7c0656ab-3b09-455b-ae96-16e8432b6c32,Break Away,112011,262653,"",0,,f
1750752,3f74bdce-4b66-4a28-933a-eb53924c4c2f,Someone Like You,37921,332333,"",0,,f
15194512,ce08b70f-a92e-4129-b584-ead5821135ab,"""Nun lob, meine Seel, den Herren"", SWV 41",1206709,415000,"",0,2013-08-17 20:20:17.387859+02,f
13209384,fc5741a4-db3f-4868-bae3-6c6af1a24588,Πέφτει χιόνι,219729,,"",0,2012-02-01 16:16:06.769627+01,f
11653744,8120743a-f83b-4071-aaad-7e2c79caa8dd,Paranoia,754768,397000,"",0,,f
2175909,e87d2c70-bed3-4942-913d-6ff689b51146,The Center,58589,227973,"",0,,f
11485614,1e5d7b29-65e5-49e4-960a-ff765751e9bf,Bound 2 Be a Drag,60455,308000,"",0,,f
3062921,f72775c6-bdfc-46c6-b8ea-adbc18863526,À corps perdu,51778,209400,"",0,,f
5930378,a879dca6-9cb1-4fad-a8fa-eee15263d84e,Stakkels Marguerite,187812,201826,"",0,,f
11262544,b3f0c202-8d34-4df8-b539-14cb2054a30d,Envision,55290,212000,"",0,,f
1583285,489da37a-51d9-4a50-8c20-1691a0857160,Clear Vision,112011,302466,"",0,,f
5930430,17426348-52e0-40e6-93a9-193c905fed72,"Drømnmer man om den, vågner man aldrig op igen",187812,182066,"",0,,f
5271176,a40803e7-b930-467c-b9b8-d10fda00f978,Midnight Hour,269907,338546,"",0,,f
13209391,a22aa2d8-1599-4324-b977-c670000b19b8,Ο κύριος Francois Villion,219729,,"",0,2012-02-01 16:16:06.769627+01,f
8229815,8bf45c8c-a0c8-4b7e-adc3-0933c4c842db,Ordinary Moment (feat. Fisher),246353,128000,"part of a “Technics DJ Set, Volume 16” DJ‐mix",0,2013-05-12 20:30:10.660512+02,f
14066364,ceee05c4-7eaf-4685-be77-ee3720f31dc1,Crucified Jesus in Databus,977507,514000,"",0,2012-10-08 19:49:27.166865+02,f
6257461,23fb3883-5566-4962-af59-3de1b8e2d202,Come Live With Me Angel,962,390013,"",0,,f
7358169,4ded4a7e-de65-4a46-a41e-5d6bacf35ec8,"Symphony No. 13, BVN 319 ""Undertro"": Ret hurtigt (Fairly Fast) -",471912,139693,"",0,,f
11653745,18bfdd80-871f-4e29-9677-3ec4fd554a27,Sun Eclipse (IBS Faction remix),618948,510000,"",0,,f
15194514,4bde506f-82c9-49b7-a987-7dc835ba8066,"""Nicht uns, Herr, sondern deinen Namen"", SWV 43",1206709,275000,"",0,2013-08-17 20:20:17.387859+02,f
4632435,079e7747-5890-4736-a1a2-e83adc61d758,An Idea and Some Rope,212213,170000,"",0,,f
5930425,cbfdccd6-3e7c-4680-a558-16c0d52468f9,Hvorfor skal de andre have det bedre end vi,187812,195626,"",0,,f
8229816,5ecbc0c0-c3c5-45ec-a828-b9aa18914eb4,Tabla Mizma (feat. Robert Nickson),246398,219000,"part of a “Technics DJ Set, Volume 16” DJ‐mix",0,2013-05-12 20:30:23.467721+02,f
14066378,6d217e5a-6c11-4f12-a3b6-ddf9874af629,Volvox Box,977507,453000,"",0,2012-10-08 19:49:27.166865+02,f
4554739,79f96426-98c9-4de7-9d13-04d72512a7f5,Dial Math (Revenge of Math),199457,,"",0,,f
8229822,fb610556-6bae-4deb-8435-8cbf10fb9192,Blue Sunshine,260494,282000,"part of a “Technics DJ Set, Volume 16” DJ‐mix",0,2013-05-12 20:30:36.513617+02,f
5930424,a70425f3-4a4e-44fc-aa19-e48914f8c91b,Han fulgte mig hele vejen hjem,187812,187733,"",0,,f
313857,ef89b916-9b99-46db-9f00-4615250d0442,Walking Wounded (Omni Trio mix),319,403333,"",0,,f
11485629,e82dedc7-19cd-4fcc-8edb-b8c2b5cfb5a0,Burn Like Rome,60455,235000,"",0,,f
13209383,41b00966-b1ab-451d-a6c7-216d8dd59679,Λήσταρχος Νταβέλης,219729,,"",0,2012-02-01 16:16:06.769627+01,f
11485628,30e38b3f-3d32-4702-b6cd-0e34c8baf90f,Unity and Faith,60455,250000,"",0,,f
11152100,d335655f-86f9-4460-a28e-04368f31c80b,"Symphony no. 8 in E-flat major ""Symphony of a Thousand"": Teil I, Bar 488. ""Gloria sit Patri Domino""",1139422,187893,"",0,2013-03-14 18:49:54.801241+01,f
10238878,ff750465-4864-46e2-9374-ec61646bce09,Noen kommer noen går,132349,183000,"",0,,f
7358178,8236103c-314b-4ff7-9e89-0e52f52046e5,"Symphony No. 14, BVN 336 ""Morgenen"": III. Marmorkirken ringer (The Marble Church Rings)",471912,320320,"",0,,f
5271174,cec4bce7-5bfa-4749-b6ba-c1bfcbb81b37,Kind Hearted Woman,325604,218586,"",0,,f
1750750,b9dbc1c8-1579-4d78-a5a1-9d023b2c80d6,Some Things Are Better Left Unsaid,37921,328133,"",0,,f
72662,4896dd0b-2c48-43d0-89ff-210586bb7104,Exactly Like You,5489,342000,"",0,,f
8656597,627dcacc-74cf-4485-bc92-dbdc9a69174b,[untitled],222898,,"",0,,f
14066361,dfe17c65-33a1-49ab-b389-9c57b8b94676,Braindustry,977507,226000,"",0,2012-10-08 19:49:27.166865+02,f
13782327,3e0fd9b9-d482-4f5b-b5e4-bac4611dea0a,Posse on Broadway,1154853,305000,"",0,2013-04-19 20:00:24.079323+02,f
10238876,f66c7545-199a-4d87-875e-bce3c31a9369,Engleleik,132349,191306,"",0,,f
7358172,b23e30c4-2031-46c2-81ba-82fe4a49721b,"Symphony No. 13, BVN 319 ""Undertro"": Langsomt - Temmelig hurtigt (Slow - Rather Fast) -",471912,250613,"",0,,f
13782328,e5d7e927-23c0-4964-bd21-60bd0dc25096,Testarossa,1154853,311000,"",0,2013-04-19 20:00:24.079323+02,f
9788999,0b338852-b509-4669-b632-68a1e042355b,The Birth of Double H,455273,204000,"",0,,f
12290751,1f5991e5-be5c-4d68-bdac-f608fb2973d4,Der Bettelvogt,761525,229373,"",0,,f
8229878,777d4406-9e12-47e5-b079-947180a6c475,Feel It (Greatest DJ remix),34480,176000,"part of a “Technics DJ Set, Volume 16” DJ‐mix",0,2013-05-12 20:31:30.990027+02,f
7865368,ce1044e2-b2eb-48c8-9484-b4d8d8621e1b,Clouds (Steve Bug remix),513168,,"",0,,f
7980351,88b164c9-8dfa-433d-8e3e-9fe9b99f5b6a,Bigger Than Both of Us,37921,269000,"",0,,f
4632431,01e1d989-6ae6-4b05-804f-d92bbf09a833,Awake and Lifeless,212213,237000,"",0,,f
13209386,e36a66b2-63d4-41ec-ab3a-0295494e3ca7,Από δω,219729,,"",0,2012-02-01 16:16:06.769627+01,f
8642241,dc97469a-28ba-43bc-993f-e34be70be9ee,Bien au chaud,175650,232000,"",0,,f
15194506,1307e4eb-e927-46c9-b3fa-85cf3cadf667,"""Herr, unser Herrscher"", SWV 27",1206709,210000,"",0,2013-08-17 20:20:17.387859+02,f
10320238,0a46536c-9567-4a35-84ac-ee2ce6081189,אגדת 21,153623,,"",0,,f
2899491,2c435177-1c4a-4370-b5ee-3f7704bb60ce,Words And Music,20422,280360,"",0,,f
13782331,c965a4fd-17db-444d-af35-51ab5fa56261,Pimp Wit It,1154853,204000,"",0,2013-04-19 20:00:24.079323+02,f
5930381,a0881c81-c62f-4198-9db9-04b9f08785a0,Nå,187812,342533,"",0,,f
12290746,f63a2441-058a-464c-b13d-e03d53989279,Es ist ein Schnee gefallen,761525,134813,"",0,,f
547852,297d4ae3-96f0-4348-b491-872643798750,Come Live With Me Angel,962,390173,"",0,,f
8229893,a430eb2c-60f3-49d2-95e8-e6c2f732b7a1,Bakerman,111355,415000,"part of a “Technics DJ Set, Volume 16” DJ‐mix",0,2013-05-12 20:32:30.319051+02,f
10320248,38469b4e-4792-4844-aa4b-1d3e48ac218a,שרות לירח,153623,,"",0,,f
8229894,ae647f79-7f66-4189-8209-574b635f1c92,"World, Hold On (feat. Steve Edwards) (Arwell remix)",2043,339000,"part of a “Technics DJ Set, Volume 16” DJ‐mix",0,2013-05-12 20:32:38.923555+02,f
3972392,c77ef0c1-d53c-4136-8fa9-5385baaf4a7c,Shimmy Shimmy Ya (extended instrumental),841922,219693,"",0,2012-10-29 01:36:56.606824+01,f
5271173,2f537232-f74f-4c6c-afb1-4ba2c765c09d,Gimme Back My Wig,6075,210026,"",0,,f
72658,9e7a728a-266b-4bc4-b292-e39b52f3ad1c,Blues-O-Matic,5489,288000,"",0,,f
4721873,9e515ba8-eb8a-4e54-8a5a-5aff8c565caa,Welcome (Intro),78207,132400,"",0,,f
11152107,20063f57-7493-45b8-be4d-3486dd4a07ea,"Symphony no. 8 in E-flat major ""Symphony of a Thousand"": Teil II, Bar 436. ""Jene Rosen aus den Händen"" (Chor der jüngeren Engel)",1139422,102506,"",0,2013-03-14 18:49:54.801241+01,f
9789001,4a7a7905-461c-4d65-921a-71359d81d4e9,In My Soul,645347,296000,"",0,,f
3199562,a859396c-1ad0-4321-bce8-07c763de929e,Rock Me Booa,3214,,"",0,,f
3199564,b59e53c2-1a0a-436f-9d43-d58c7f8e7d10,Herpos Suite,3214,,"",0,,f
1750760,4ebabb0d-456b-4be4-9468-a3aa6df55dc6,August Day,37921,187293,"",0,,f
4554735,e440d0b8-707d-4d01-bad6-d2f30b3272a5,Cân Pryderi (Pryderi's Song),199457,,"",0,,f
14066369,9eb1583d-3c60-4b90-9df8-e36264905c76,Phone Akine Tone,977507,325000,"",0,2012-10-08 19:49:27.166865+02,f
2175911,0d7e27a5-a5a6-49d2-ba0e-0b1fb90c589c,"Black, White & Blue",58589,279893,"",0,,f
4632436,01335118-779a-4cdf-a5a1-22d94a17ec02,The Cycle,212213,209000,"",0,,f
5930417,0af3abc1-dd22-4b6a-a384-e6f8a4652baf,Adrienne,187812,198893,"",0,,f
1677178,24d1cfec-a1ea-4239-a882-00aa22b9b973,Pot Head Pixies,64076,178000,"",0,,f
5271171,f05ae2fa-d61c-42bb-8ed9-1940e6e6ab60,God Moves on the Water,171639,218200,"",0,,f
11485611,5b2836f0-241e-478d-af8f-95d2ed4e6f36,All in the Dosis,60455,284000,"",0,,f
11152115,479deafd-f008-4538-908f-5d7e5ba8a44e,"Symphony no. 8 in E-flat major ""Symphony of a Thousand"": Teil II, Bar 1249. ""Komm! hebe dich zu höhern Sphären"" (Mater gloriosa) - ""Blicket auf zum Retterblick alle reuig Zarten"" (Doctor Marianus)",1139422,367400,"",0,2013-03-14 18:49:54.801241+01,f
1583291,e2f2d357-4a55-4e28-b258-88b95b2a407e,꿈,112011,273546,"",0,,f
8229889,2206a52a-400f-4851-b315-45c2c04768ae,Quadrophobia (Klubbheads remix),314600,79000,"part of a “Technics DJ Set, Volume 16” DJ‐mix",0,2013-05-12 20:32:18.797209+02,f
7345353,808498ed-f055-4d81-babd-4001c586cd2f,One Of Many,57588,308200,"",0,,f
15194507,b0d6b77c-1925-4c86-af2c-09b8256c569e,"""Ist nicht Ephraim mein teurer Sohn"", SWV 40",1206709,366000,"",0,2013-08-17 20:20:17.387859+02,f
7345354,04ad2764-dc29-4498-a4a9-ab5569d2ed5d,Improvisation N.2,57588,282733,"",0,,f
11485631,d77559ed-1ef7-4c4d-aa3f-a21c26c5d5c6,Livin' With Fritction,60455,332000,"",0,,f
11653743,44f92615-4c67-4e24-8956-d9c184ac1b12,Genius,618950,407000,"",0,,f
5930384,488bfbf0-1371-4599-8296-057fa245fd46,Er du tovlig Trine,187812,193973,"",0,,f
5930383,d77210a7-d36a-4b84-90fa-e925ccf745ec,"Parlez-moi d'mour, men kys mig først",187812,187826,"",0,,f
11485605,c9bfefc0-f42f-4d6e-b7dc-dbe1bcfd7f55,Promises (Con4t 2 a Fool),60455,311000,"",0,,f
11485612,b5e5bf41-1b7a-4012-ad9c-18a2b61c81b7,Jumping Jack Whiplash,60455,312000,"",0,,f
4164534,54d6d1a0-a534-433c-afbc-92d512d64b11,Black Betty (version courte),11340,154040,"",0,,f
547857,00eea104-822a-46a2-99a8-c8e2ec6ec7e6,All the Way Around,962,230373,"",0,,f
13168476,6dc7f2f2-ef0f-4d45-925e-4edd952232b3,Дышу,529441,174000,"",0,2012-01-21 00:06:54.291585+01,f
15194510,9f0f2f64-2acb-45de-bf50-2f7fea594eba,"""Ich hebe meine Augen auf zu den Bergen"", SWV 31",1206709,485000,"",0,2013-08-17 20:20:17.387859+02,f
10389432,5a94cc12-1c19-41c9-8bd8-b52aa74c1c01,Asthmatic Lion (Mexcore Flu-Nk remix by Toy Selectah),136847,250906,"",0,,f
5930397,c232982a-b227-481b-b4e3-0f3433ed5fe1,ABC visen,187812,203173,"",0,,f
12290760,ce8fe1ff-3a74-4be8-862b-ed5dabd45dda,"Tanz rüber, tanz nüber",761525,114520,"",0,,f
1750755,a3dee75e-bff8-49e6-b7b3-e685a42083b4,Have I Been Away Too Long,37921,263933,"",0,,f
4554744,d7f2d9db-c20e-4515-a1bd-95496fbfbe09,Geiriau Ymadael (Parting Words),199457,,"",0,,f
3972389,7df854b4-73a2-4eb8-9f10-312fb4982eb6,Shimmy Shimmy Ya (extended version),841922,230000,"",0,2012-10-29 12:38:49.701452+01,f
11262543,a1de786f-7ad3-4d61-bcbc-7719e9e4fb9c,Set The Night On Fire,55290,260000,"",0,,f
12290740,8f747bb5-b9d8-412b-9262-864374fc934f,Wiegenlied,761525,139226,"",0,,f
1750754,34b2b44b-6fe9-4540-9bf3-2a95980649eb,Everytime You Go Away (Remixed),37921,309000,"",0,,f
2069400,c1aebf31-5077-4b69-8c82-52765775521c,I Wanna Be Where You Are (unedited demo),962,367146,"",0,,f
9788996,475293c6-477d-4e2b-826d-8a0e2b55205c,Devil in My Bed,55741,347000,"",0,,f
13168474,8259441d-129d-4604-9940-a8516981991c,Мексика,529441,210000,"",0,2012-01-21 00:06:54.291585+01,f
7865371,95342246-a415-4416-9502-48270e22e2ed,Superpussy (Paul Brtschitsch remix),77940,,"",0,,f
2322705,4376b775-1aec-49c2-8e46-2c1c85d3ca3e,Not the Only Ones,158469,604094,"",0,,f
14869553,fffe7293-1e9f-43dc-9d7f-a73c969f3f97,Theories of Revolution,1159548,252000,"",0,2013-05-01 17:30:58.849982+02,f
11485604,d72b0e68-e046-4b8e-866e-ef16317506e6,Unity and Faith,60455,255000,"",0,,f
5930396,558a7e4b-3433-4717-97ca-68588acafc83,Det er en af de gutter,187812,166533,"",0,,f
6257465,7a1dc202-d08a-4c3a-b0fa-241f07f12b70,I Want You (intro jam),962,19786,"",0,,f
11262542,84c28646-d2a8-4c02-940c-ade6a5d9adb3,Rachel's Eyes,55290,273000,"",0,,f
14066366,e5702d86-f61a-4921-b34e-00f36dbf1c6b,Hypnodisc,977507,408000,"",0,2012-10-08 19:49:27.166865+02,f
4554730,34c186d1-ca46-4973-ae69-61a34399d2b2,Branwen yn Iwerddon (Branwen in Ireland),199457,,"",0,,f
13782330,714ffe44-8eb6-49dd-9f28-721fe89f1b11,Baby Got Back (Rock mix),1154853,279000,"",0,2013-04-19 20:00:24.079323+02,f
11152104,70699193-e2a1-48e9-9577-b76cba5648cf,"Symphony no. 8 in E-flat major ""Symphony of a Thousand"": Teil II, Bar 219. ""Ewiger Wonnenbrand"" (Pater scstaticus)",1139422,79000,"",0,2013-03-14 18:49:54.801241+01,f
6257467,0393b69f-3d83-41ec-bc71-4926e511f34e,Since I Had You,962,245346,"",0,,f
5930392,9dea95e2-61c9-40f7-a530-cd8eb69be553,De gratis glæder,187812,184066,"",0,,f
12215183,95d0f89d-ebf5-4d0c-bfb8-d6bb7a949163,Holographic Dystopias,707464,,"",0,,f
1677163,5eb35fa4-eb5f-41d3-9cbd-a5b2a1f2210f,Rainy Day Women #12 & 35,965,219533,"",0,,f
4554725,7c4760cb-3420-4004-bb52-ba497c1bfeec,Rhiannon,199457,,"",0,,f
1677176,15b6d6b9-b0f2-40ea-9e60-e3a7f3083fd6,Homegrown,42477,148733,"",0,,f
4632434,915c6c57-746b-4e4c-9fed-205e8c494ee3,A Concept From Fire,212213,174000,"",0,,f
9106863,a2a5c66d-43e6-4697-a5a6-9aff6e7c6132,(Sittin' on) The Dock of the Bay,100768,161000,"",0,,f
5977382,181ff600-3e77-4e4d-b838-7afa924f65b9,Die by the Sword,79977,201706,"",0,,f
6257460,87b85206-6137-4c3d-b2cd-47d2de4111cd,I Want You (vocal),962,276160,"",0,,f
11292275,3001674f-e69d-4d15-a6e7-b2b7c928272c,Un grand bonheur,51778,211000,"",0,2011-06-18 01:00:09.762692+02,f
5930435,3c6e6f1b-0992-47eb-8ecc-416cf7077bed,Farvel - alt hvad i kan få,187812,186666,"",0,,f
11653742,f411681d-5e44-4702-9448-b7633230dcbc,Gone Tomorrow,754747,431000,"",0,,f
2069406,46d4b908-090e-4282-9db4-e3c705f2c150,After the Dance (Don't You Wanna Come),962,314666,"",0,,f
544042,d7fc72a8-b9f1-4dfe-bcdc-bae9dbcf2654,Sara Smile,37921,190493,"",0,,f
5930380,64de37a8-7ca1-4d13-9d5e-8a78062dbcbe,Skal vi svinge de små pusselanker,187812,158333,"",0,,f
5930433,72f55624-52f1-4dca-b3ed-5c8e8ce34fd6,Kom Karoline,187812,172600,"",0,,f
3972395,b1fdad6d-02b1-45f8-80dd-7ae204e07b6a,Baby C’mon (LP version instrumental),841922,222000,"",0,2012-10-29 12:38:49.701452+01,f
2322698,458734f9-9ab9-4d11-86c0-9de800f871e5,The Right Set (Keep It to Yourself),158469,159853,"",0,2012-04-06 00:12:28.274512+02,f
2899487,d35f5c03-3a63-45ac-9459-eed461556335,Love Is On Our Side Again,20422,243666,"",0,,f
9788992,c7401ef7-a03d-44c2-a543-5f9f13484d7f,Air Brake,196143,42000,"",0,,f
3501145,05db6641-3ca9-4a43-8913-ae79fa1b52a6,Ram Jam Thank You Mam,11340,244867,"",0,,f
12889867,10713c8f-bc9a-4a9a-9cf4-f10eab476b47,Falling Star (Awakening Mix),48339,243000,"",0,2011-11-01 06:54:27.361852+01,f
8229829,ef5d5738-8ced-43c7-afd6-e9ebd683f3f1,Revolution (vs. John Marks),352987,255000,"part of a “Technics DJ Set, Volume 16” DJ‐mix",0,2013-05-12 20:31:09.217526+02,f
11653737,f21f1956-8151-4558-a401-0991637a5db6,Sac'ki:15,754766,376000,"",0,,f
8642246,42a3574d-5b3f-4bfb-93db-97bf73a2806e,Est-ce que tu m'aimes encore ?,175650,203000,"",0,,f
8642243,0a468624-232c-497c-8b02-f4438d927f52,Repartir à zéro,175650,199000,"",0,,f
1677179,af5639df-2e02-4cb7-b0d0-3ec52e36914f,Too Rolling Stoned,46394,273467,"",0,,f
11152103,b0fad8e9-cff0-442f-a7b6-a63208db4057,"Symphony no. 8 in E-flat major ""Symphony of a Thousand"": Teil II, Bar 167. Chor und Echo: ""Waldung, sie schwankt heran""",1139422,233693,"",0,2013-03-14 18:49:54.801241+01,f
10238871,f8cd1f98-88fc-49be-b15f-ed710b673823,I tospann,132349,223666,"",0,,f
6864079,94ba6f4d-4d39-43dd-865c-2cd7546d41c1,Chase Down the Moon,45601,234786,"",0,,f
2735552,9bb6b835-618a-40d5-8d4d-a96fe188936c,Out of my Sight,170912,,"",0,,f
9789000,1ce3e5b7-a1fc-42c2-93e7-07eba0a712a7,Irresistible,645346,237000,"",0,,f
4554742,f2e19088-7716-4553-937e-3a30fbe645b8,Cân Gwydion i Lleu (Gwydion's Song to Lleu),199457,,"",0,,f
1677167,ad31061c-ea3a-44af-bfc0-5adc7fffbe07,"Don't Step on the Grass, Sam",53232,343533,"",0,,f
10389427,7c358e21-09be-4185-a109-ecb43b0f5a40,Balazalak (Rude remix),136847,223693,"",0,,f
14869547,9c840b71-fcdf-4b6e-96a8-b10faba4406e,Blind Journey,1159548,220000,"",0,2013-05-01 17:30:58.849982+02,f
10389437,21b0a3a2-97d2-411c-af8b-572ec4cfe391,Simulakroa (Selector Matanzas remix),136847,312240,"",0,,f
313854,4cccbb15-741f-4969-a2f0-088a65f71fa6,Walking Wounded (Spring Heel Jack Hard vocal mix),319,365933,"",0,,f
547858,e85df01d-d9c9-4f94-bb9f-2ef087fee2f1,Since I Had You,962,245826,"",0,,f
5977342,ab91f9d8-67f8-47d5-839d-4428839d4f14,Nightmare,79977,207400,"",0,,f
4554738,b7c93645-dcea-409f-bcf7-f32112549245,Tra Bo Dau (When Two Hearts are True),199457,,"",0,,f
8642244,7214c658-c1d0-4c9d-9b8f-343e720dd290,Déranger,175650,270000,"",0,,f
14869554,3f1a157e-4de5-4475-bff2-b20efad416c7,Big Scary Monster,1159548,350000,"",0,2013-05-01 17:30:58.849982+02,f
2233773,bb69c386-8e1e-4fc3-8765-372a2edd6adf,Before the Dawn,79977,260306,"",0,,f
11152094,fdce115a-356a-446f-8112-ee72d7bcda58,"Symphony no. 8 in E-flat major ""Symphony of a Thousand"": Teil I, Bar 46. ""Imple superna gratia""",1139422,182373,"",0,2013-03-14 18:49:54.801241+01,f
5930429,d8b3436a-624f-42db-84db-e1ab9f043cf1,Ta' og kys det hele fra mig,187812,183693,"",0,,f
10389433,afba6de5-f6f5-4eab-90a0-bfd7c5d9dbeb,Loturak (Xabi Pery remix),136847,229440,"",0,,f
8229886,da170661-72b1-4ff4-9c9a-94677e8de11d,Secret,305679,208000,"part of a “Technics DJ Set, Volume 16” DJ‐mix",0,2013-05-12 20:32:04.127942+02,f
547859,f5c86014-33e8-479f-b807-f04264ddd92b,Soon I'll Be Loving You Again,962,195173,"",0,,f
11292285,2b9b96ba-a0b8-4877-a38d-f28188abbe87,Felicita,51778,181000,"",0,2011-06-18 01:00:10.326396+02,f
1583289,23e52226-9dab-4b2e-8d71-0da241a89a44,Wine,112011,255826,"",0,,f
8229885,93a63d7e-9c8e-42ab-b7f5-b749527886e9,Arrogance,540530,261000,"part of a “Technics DJ Set, Volume 16” DJ‐mix",0,2013-05-12 20:31:58.786131+02,f
6864080,f45dcfe1-644d-44a5-8f09-fadb177b76a9,Ten Seconds,206599,273000,"",0,,f
5930393,7e045f96-7992-48f0-9102-3391f4cb62df,I dit korte liv,187812,204560,"",0,,f
2069399,f5f06034-1fa3-4575-9851-318cd42d21c2,Feel All My Love Inside (alternate),962,232413,"",0,,f
5930431,a1e3433a-4adb-4572-a23f-087b3febc2a7,Glemmer du,187812,193400,"",0,,f
5930418,8da8fcaf-8d27-4f83-86be-e160dc6d5b9c,La Garconne,187812,201106,"",0,,f
10238873,cf230c58-d571-4f94-8cf8-a9e1fa1dbe67,Klovnen,132349,231186,"",0,,f
8229877,b2c4cd43-38ab-44f2-9394-f54b30e5d8b8,Bango (Shaun Baker remix),540528,303000,"part of a “Technics DJ Set, Volume 16” DJ‐mix",0,2013-05-12 20:31:29.545268+02,f
13209380,7537e235-ebf5-474d-b54a-66be7f7141e3,Φεγγάρια σκοτεινά,219729,,"",0,2012-02-01 16:16:06.769627+01,f
313855,5714fc7e-31ca-4335-8e71-9104a22851be,Walking Wounded (Spring Heel Jack dub),319,409440,"",0,,f
12290742,0e3f6e19-1944-4534-9fea-a5e53c5936d9,Die Marketenderin,761525,187293,"",0,,f
5930440,d977807e-7650-4fd8-839b-e90e1487519c,Man har så mange glæder,187812,198840,"",0,,f
2899488,25eb13bb-ae37-4855-992f-79c59395cefb,I Know It's Over,20422,234600,"",0,,f
10389429,2fa7bd59-394e-4fc6-9c77-6f136ee005a4,Milaka Dub (David Bourguignon remix),136847,201626,"",0,,f
1583287,5a0db69d-8d48-4472-a031-dd352a3c169b,내 안의 너,112011,282013,"",0,,f
12290741,ad85f49a-22d4-4c2c-a573-dbdd5533ea7f,Jetzt kommt die längst gewünschte Stunde,761525,161053,"",0,,f
6257469,11a65c03-4fad-4a4b-985f-a29595c3b208,I Want You (intro jam),962,100786,"",0,,f
10320245,41907c9d-6987-4846-ba42-841d1fcdca31,כרטיס ללונה פארק,153623,,"",0,,f
13209385,ae813d3c-aa33-4633-9a92-cf1fb468fb10,Μια πέτρα που κυλάει,219729,,"",0,2012-02-01 16:16:06.769627+01,f
8642238,68efbd4c-f2ba-42ec-8ad7-8d92e00d56b2,Vaudou,175650,213000,"",0,,f
8229883,6b1c7697-5a7a-4dbe-8b00-0cac5a01246f,Until Monday,828703,258000,"part of a “Technics DJ Set, Volume 16” DJ‐mix",0,2013-05-12 20:31:52.169825+02,f
12889868,e61003ea-0d5d-48df-b53f-6fae37bb2bdb,Falling Star (Dub Mix PvD Edit),48339,396000,"",0,2011-11-01 06:54:27.361852+01,f
5930398,4c4265ed-9739-4d6a-997d-bf4c45012b88,Hvorhen,187812,189866,"",0,,f
4554731,0046945b-a554-4100-9f37-96ac2a4ea951,Pen Bran (Bran's Head),199457,,"",0,,f
12889870,706bc009-c8ec-4c9c-bce5-d958aaf70712,Falling Star (Instrumental Mix),48339,411000,"",0,2011-11-01 06:54:27.361852+01,f
8229818,2e74163f-579e-4147-88e1-2932ea04503f,Samurai (vs. Suzy Solar),501086,261000,"part of a “Technics DJ Set, Volume 16” DJ‐mix",0,2013-05-12 20:30:20.880551+02,f
12290757,6dcaac9e-eb36-445a-890c-8459ee19ce62,The Games People Play,761525,244760,"",0,,f
4632440,49fe555c-17dc-44d1-85fd-a96469916762,138,212213,235000,"",0,,f
4554743,75ae0354-ec1b-40d0-91d1-0df2bc17c501,Marwolaeth Gronw (Death of Gronw),199457,,"",0,,f
1750757,28f3fa23-90cd-4504-9d64-b64d9478142f,Go Solo,37921,276173,"",0,,f
5930382,87eb5181-b92f-4ef5-934e-93d61ab4b7f1,Jeg kommer når du fløjter,187812,183706,"",0,,f
72666,cd880fcc-1d07-4905-8da4-62aa995e0367,I Want You All the Time,5489,306000,"",0,,f
2069402,e7c6ecc3-4d69-4ac3-a0ae-a3fbab1c8012,All the Way Around (alternate),962,232466,"",0,,f
10320239,d8ab89f5-6eb7-40d7-b794-58a09fb49cbd,נכנסת לחיי,153623,,"",0,,f
13168470,e8a829ae-4794-4081-b813-a6cbb985846d,Лев умрёт за любовь,529441,156000,"",0,2012-01-21 00:06:54.291585+01,f
2899493,b14374e3-216f-42ad-ab0f-455e53e1b9a3,Everytime We Fall In Love,20422,246933,"",0,,f
10389436,891c82f1-e172-4583-bbaf-6de1205c464a,Ezin Ihesi Berlin (Where We Come From) (Rob Smith remix),136847,282533,"",0,,f
11256903,1b5054f0-cb65-421e-90ab-d2322b838cc6,T.N.T.,94820,536000,"",0,,f
2322703,ec861812-4915-477b-8cda-cb67e2641dac,You Set It Up,158469,254946,"",0,,f
8229824,6a4a862f-4cc2-4ac9-b7c6-d70d786a4baf,Feel (feat. Emma Nelson) (DJ Shog remix),55951,313000,"part of a “Technics DJ Set, Volume 16” DJ‐mix",0,2013-05-12 20:30:51.151527+02,f
4554740,02bdb7b8-df6a-4453-8808-2141960e16a5,"Arianhrhod-Morwyn Anhebygol (Arianhrhod, Unlikely Virgin)",199457,,"",0,,f
12290739,68237408-2ae3-41ba-84da-9414c44470f1,"Gottlob, dass ich ein Bauer bin",761525,111333,"",0,,f
547861,a2388ff1-dc63-485f-815e-ef70ff7cb38c,After the Dance (vocal),962,279733,"",0,,f
15194511,cd5e6def-1b51-45f4-b223-b9332128935a,"""An den Wassern zu Babel"", SWV 37",1206709,301000,"",0,2013-08-17 20:20:17.387859+02,f
5930426,4fbe5d00-5b6e-433e-b494-3640b7d5d468,Nogen gør det aldrig,187812,177466,"",0,,f
3818802,cd35a2c5-f6a3-43e6-a586-029b2516be03,Moonchild,79977,280226,"",0,,f
8642245,95530053-cecc-43af-912f-2fb6491cb144,Dans l'eau de mes yeux verts,175650,235000,"",0,,f
4632433,8bc86f24-3b0a-4e52-b465-52c84250f1d6,Push Away,212213,156000,"",0,,f
1583283,0d67dfce-dcf8-47c7-865a-1d8ba29c808d,혼잣말,112011,284013,"",0,,f
8229880,3358c899-4800-453b-af57-a014b4b9c345,Ride on a White Train (feat. Trixi Delgado) (Like a Hurricane),102097,188000,"part of a “Technics DJ Set, Volume 16” DJ‐mix",0,2013-05-12 20:31:43.673736+02,f
7345352,52e99bbd-ffde-4cb2-a49b-55b8ac88e804,Canter N.4,57588,438413,"",0,,f
10320247,354507d0-9741-4e77-82ba-3f5ab2967562,כמו שכתוב,153623,,"",0,,f
12290737,9bf5dcec-8dac-4f79-a199-ee19b7c1c752,Der Mai,761525,122760,"",0,,f
14066360,5699febd-bfc5-48d4-995f-1b8e9c0bfb07,Avio Muva,977507,438000,"",0,2012-10-08 19:49:27.166865+02,f
7345350,ea15b847-ba02-40a6-86eb-c99c9973c381,Improvisation N.1,57588,282546,"",0,,f
11152109,f7ab98d5-62eb-44c9-8eb1-806a851cf0a6,"Symphony no. 8 in E-flat major ""Symphony of a Thousand"": Teil II, Bar 580. ""Ich spür' soeben, nebelnd um Felsenhöhe'"" (Die jüngeren Engel) - ""Freudig empfangen frei"" (Chor seliger Knaben) - ""Hier ist die Aussicht frei"" (Doctor Marianus)",1139422,67266,"",0,2013-03-14 18:49:54.801241+01,f
15194515,01a2f18e-38cd-447b-bd84-f332fab44313,"""Alleluja! Lobet den Herren in seinem Heiligtum"" SWV 38",1206709,430000,"",0,2013-08-17 20:20:17.387859+02,f
4721882,d68d217c-2f0a-4168-a5c7-9ada0c9dfed5,12Th Planet,78207,234200,"",0,,f
14066368,68b29fc8-02be-4c58-a5b8-1cecd039365e,Oscilate on Opiate,977507,290000,"",0,2012-10-08 19:49:27.166865+02,f
5930434,2357eae5-4c0e-49e8-8192-e4c1eff543ff,Der er dejligt i Provinsen,187812,169240,"",0,,f
8642240,5aad7f73-f34e-4407-8a26-39ab7beca989,On parle des yeux,175650,233000,"",0,,f
11152093,60a2ad2c-a59d-4f1d-a46c-05c58e0cc8ba,"Symphony no. 8 in E-flat major ""Symphony of a Thousand"": Teil I, Bar 1. ""Veni, creator spiritus""",1139422,81493,"",0,2013-03-14 18:49:54.801241+01,f
10238874,21985d93-8823-4a99-9590-4c7678998a79,Draumespor,132349,192546,"",0,,f
3062929,4b5c2b19-5deb-4130-b86b-f0bb65b636ca,Das ist mein Lied,51778,149427,"",0,2011-11-04 17:04:11.845408+01,f
5930386,38285cc2-bdec-452b-9fab-5ab6706962a4,Ud at kiggelytte,187812,194106,"",0,,f
547850,cfa92f37-ecc9-43c4-80c0-bb90833858c6,I Want You (vocal),962,274893,"",0,,f
11485627,2c7337e8-9e30-4100-ac78-b16de93b08ff,Dwelling in the Real World,60455,270000,"",0,,f
12290754,5c8c843f-0588-4cf0-899d-656bec4d86f2,Ballade vom Schinderhannes,761525,313426,"",0,,f
3062916,36c983a7-9191-4abe-8906-e33d9eafa961,C'est ma prière,51778,185600,"",0,2011-11-04 17:04:10.806773+01,f
7358173,c66f2863-bd09-409f-9e25-807a50868ca2,"Symphony No. 13, BVN 319 ""Undertro"": Samme tempo (vildt) (Same Tempo (Wildly)) -",471912,239440,"",0,,f
4554736,11e79fc3-fe4e-456f-b9da-ae6c11c7345b,Hudolaeth Llwyd (Enchantments of Llwyd),199457,,"",0,,f
5271169,f45256f3-f270-4042-97bb-548cf8a45dbd,Secret Weapon,204412,190280,"",0,,f
3062923,07cfcec0-383a-4fe1-acb6-ba0900f9e9df,Nous irons à Sligo,51778,189173,"",0,,f
1880906,dc19e2a7-8419-49bc-810b-cd142298851c,In the Flow,9503,270266,"",0,,f
280585,da991701-99b7-47f0-9632-dfe94fba6252,Black Betty,11340,245666,"",0,,f
1750753,c629a44a-6b37-45a5-b74c-b302fd04647b,Melody for a Memory,37921,295040,"",0,,f
2735551,b4163dda-e1dd-477b-9b6c-0434cf4d97e5,Curve of the Earth,170912,,"",0,,f
10320246,b1a53223-f0fd-49d2-8e5d-9bdb85e12533,חבקי אותי,153623,,"",0,,f
6864075,ff96b1f9-1ac9-4942-8783-48aac8a9a6ac,Room for Two,232365,228000,"",0,,f
3199563,175502d7-c33f-44b3-aa91-b3a9ecbd1c44,Untitled 12,3214,,"",0,,f
6864081,5c0ebedc-944c-4a73-bf06-80b925c43b75,Crimson Rider,60661,242040,"",0,,f
13782325,b274ea19-578b-4736-87aa-5a738ea4c121,Put 'em on the Glass,1154853,211000,"",0,2013-04-19 20:00:24.079323+02,f
5930394,e0e2709e-95c1-41a9-ac59-e9c192e6d1ca,Det er en af de ting jeg har lært,187812,155373,"",0,,f
860932,0fe71279-2b98-49b2-a59c-a0bc1de277b6,And It Stoned Me,14839,344773,"",0,,f
72659,ad3b9bf2-c1b3-4831-99e8-6942a7c69d3d,Liza,5489,200000,"",0,,f
1583281,9e5f4310-9373-478d-8f34-1f97081cdd65,거부,112011,192306,"",0,,f
13168468,ca2571ca-783a-460a-9b66-6948453ebb75,Satta Massagana,529441,263000,"",0,2012-01-21 00:06:54.291585+01,f
8229830,38cf577d-b506-474b-8790-36c3d8d0083d,Breathe,374915,291000,"part of a “Technics DJ Set, Volume 16” DJ‐mix",0,2013-05-12 20:31:11.456616+02,f
8229881,156e43b8-c8dd-4ab4-9151-f2cfee008f43,Outland,472141,270000,"part of a “Technics DJ Set, Volume 16” DJ‐mix",0,2013-05-12 20:31:42.177775+02,f
72660,eabb5ae9-f1da-4439-871c-a2c1967cae89,My One and Only Love,5489,337000,"",0,,f
7358182,72a2124c-2565-4b70-946a-f4e4b965cd3c,"Symphony No. 14, BVN 336 ""Morgenen"": VII. Sol og bøgeskov (Sun and Beech Forest)",471912,68160,"",0,,f
2069397,9fcc2722-42e7-458d-a144-f39ec51c7830,Come Live With Me Angel (unedited),962,457253,"",0,,f
8229895,03908b5a-a441-490b-8992-0f92f03d11a2,Need You Now,193232,168000,"part of a “Technics DJ Set, Volume 16” DJ‐mix",0,2013-05-12 20:33:26.39076+02,f
7480834,80e0daf5-7c40-45cf-aff9-517db9b13172,Baby C’mon (LP version),841922,221000,"",0,2012-10-29 12:38:49.701452+01,f
11152102,6dd4755d-a9ce-4a10-8f1d-dc12d43e238c,"Symphony no. 8 in E-flat major ""Symphony of a Thousand"": Teil II, Bar 97. Pìu mosso",1139422,178773,"",0,2013-03-14 18:49:54.801241+01,f
4721880,0b3b6fd6-eb08-4f1f-a5a9-e566f260e6e2,L'Audioarmonia,78207,227400,"",0,,f
8229892,ecd791fe-f7ca-4fcd-8ba1-f1088af7feb9,Same Man,811436,286000,"part of a “Technics DJ Set, Volume 16” DJ‐mix",0,2013-05-12 20:32:32.741284+02,f
7358171,a2a2a38d-0ba2-490d-a32d-81275d8901f1,"Symphony No. 13, BVN 319 ""Undertro"": Lidt hurtigere (A Little Faster) -",471912,189560,"",0,,f
8229891,05a4bc8e-d4d4-4b03-9c0e-bae47f432f17,"I Want, I Need, I Love",43671,256000,"part of a “Technics DJ Set, Volume 16” DJ‐mix",0,2013-05-12 20:32:24.835026+02,f
7345349,28f6cff2-6dc0-4e6e-b0f4-2647f5671acb,After All,57588,250440,"",0,,f
7358175,b8ea735e-ec4e-4ec9-9628-8170a3fb5f0f,"Symphony No. 13, BVN 319 ""Undertro"": Hurtigere (Faster)",471912,227293,"",0,,f
11485613,66e3a4fd-3aad-4b32-b689-4fffbcaa0286,Cos2 Is a Sinner,60455,275000,"",0,,f
1677171,3520e389-9a6e-4b41-9cf1-38f1e44d2683,Smokin' Cheeba Cheeba,66433,318706,"",0,,f
7358170,58d3ba3a-efbb-4855-846c-bcfac4150c94,"Symphony No. 13, BVN 319 ""Undertro"": Andante -",471912,482426,"",0,,f
2175910,bd021bfe-c11e-4673-be7a-747b6ab46382,One Life,58589,177333,"",0,,f
13209390,533d593d-d02b-4898-a80d-c5752591a115,Ρε συ,219729,,"",0,2012-02-01 16:16:06.769627+01,f
10238870,0bfbdb61-56a8-4772-a5a0-56294d255c5b,Intro,132349,27533,"",0,,f
860921,9dbb8662-5df3-414f-9fcc-044bff16465f,Who's Got the Herb?,360,290706,"",0,,f
7358174,6a84b8aa-a167-4c41-97f1-94ea665defb8,"Symphony No. 13, BVN 319 ""Undertro"": Elegant! (Elegant!) -",471912,134066,"",0,,f
12290752,05afe030-bdbe-44da-a16d-897e2d9f61a7,Das Blutgericht,761525,236013,"",0,,f
1583292,5cfb8e63-9853-4393-b2ea-b2dc566fce13,Ray's Rock House,112011,253654,"",0,,f
14869546,300959f9-7f54-4ccb-81e6-db1468f8824b,Bubbles,1159548,288000,"",0,2013-05-01 17:30:58.849982+02,f
9789003,ff6f03f4-26cb-4d0b-8e5b-75398e8495ec,Eyeball,328322,176000,"",0,,f
8445962,82c0e469-94da-493a-aae4-ba147d9ac7bf,Non Abstract,157129,,"",0,,f
12889871,356b3640-fc69-4ecb-9905-b57fc3d77618,Falling Star (Moulin Rouge),48339,355000,"",0,2011-11-01 06:54:27.361852+01,f
72663,27e957cd-08ff-40a2-8aae-91c57490a648,Cole Porter Medley: Riding High / You Do Something to Me,5489,321000,"",0,,f
5930423,1a31ba58-e799-4455-bcb4-5b00bcc8d562,Den gamle pige,187812,216373,"",0,,f
7078442,006e785d-90ce-423b-9201-874a0da895b1,Sweet Leaf,1151,304746,"",0,2012-09-14 22:07:30.174873+02,f
9788993,2214aac1-558d-48f6-beba-80a938dc60cb,Chinese Whisper,196143,286000,"",0,,f
8642239,60eb1a27-afaa-410d-98b7-97e263275c0c,Paradoxale,175650,242000,"",0,,f
11485632,25d7f4f5-d8ab-4c0f-bd21-b9108dddbc38,Rebel Rock,60455,364000,"",0,,f
4632438,41194023-ea33-4df4-8d00-dbcfbeb56bcd,Lost in a Fantasy,212213,209000,"",0,,f
2877793,6a33e103-b958-41a3-9600-5a668035d9ec,Welldone,187353,224280,"",0,,f
860919,3c26e0b1-e37b-4ca6-ad43-bff23a27c9fb,I Want to Take You Higher,489,341173,"",0,,f
5977343,fad75ab4-263d-4da0-93c1-f287b7faf6d5,Enter the Eternal Fire,79977,394866,"",0,,f
7345345,2bad736e-ba5c-4185-a290-ea7fa861b0d1,It Takes Two,57588,308186,"",0,,f
6257468,d606dedb-3c33-4d87-a4e4-3a82a58142c6,Soon I'll Be Loving You Again,962,193826,"",0,,f
5930428,151f0114-c892-4ac8-b109-2713460954aa,"Sig de ord, du ved",187812,222400,"",0,,f
8656598,da6c19a0-fbb6-475e-8ad0-34be35c450ba,[untitled],222898,,"",0,,f
6864074,f4903985-897e-4d2b-9f80-1406d13d5118,Any Minute Now,31292,191386,"",0,,f
11485607,e07a0fef-30ce-4d9a-b741-180e323970e6,Noizze Time,60455,256000,"",0,,f
313856,a0165e1e-abd7-4df5-b40f-e5ef7e6ff425,Single (Photek remix),319,319160,"",0,,f
9788997,87aa9045-16a8-425a-95d7-61163637874a,First Floor,66501,256000,"",0,,f
2175913,c2bc1e64-1017-455a-92ec-c2e58c97871f,Blues Attack,58589,134600,"",0,,f
3501143,7c5d9c55-3c5b-4e3c-91bb-8c72d8d55a88,Black Betty '95,11340,193000,"",0,,f
14905313,73c1b7ba-6a29-4d1b-9231-eb00b422a163,Control Freak (Sander van Doorn remix),51840,269000,"part of a “Technics DJ Set, Volume 16” DJ‐mix",0,2013-05-12 20:31:00.951142+02,f
1677166,dbc7d7de-ad77-482e-ae65-9cb9238935bf,I Like Marijuana,126834,297226,"",0,,f
11152108,43b637c3-9cdc-4123-b10f-914e73d0228d,"Symphony no. 8 in E-flat major ""Symphony of a Thousand"": Teil II, Bar 540. ""Uns bleibt ein Erdenrest"" (Chor vollendeteren Engel)",1139422,104760,"",0,2013-03-14 18:49:54.801241+01,f
11653746,879e82a9-73f7-4209-b5b2-c5253f0cb70f,S.O.S. (Slave Owning System),618957,493000,"",0,,f
2175918,0f329189-c929-4023-9945-e1874a6a39e6,Pine Grove Blues,58589,144200,"",0,,f
1583286,9ba0d071-3ab2-4a9b-b623-83c890fc513b,Je ne veux pas [원치않아],112011,292800,"",0,,f
5930438,00c19c2a-1ecf-40bf-bf47-bd72c65457f0,Den var ikke ret stor men den var der,187812,181533,"",0,,f
547860,6c523711-3695-477b-8513-735144dbd393,I Want You (intro jam),962,100800,"",0,,f
7345344,6c42589e-732c-4ec0-b2cd-fad13f22ddbe,My New Hat,57588,478613,"",0,,f
547855,dcdc5ea3-b909-48c5-a482-a2d2d125d0af,I Wanna Be Where You Are,962,78426,"",0,,f
14066367,3a3556eb-5aba-456f-8461-a90ee6271277,Icu Behind D3,977507,449000,"",0,2012-10-08 19:49:27.166865+02,f
6864068,e9f5254f-aa1d-4777-8453-435e30b28215,Demonizer,1660,283133,"",0,,f
12290753,0e2971a9-daee-4cb5-8461-b038527d8025,McPherson,761525,263280,"",0,,f
14869548,d2d5faee-c3c0-4438-9d67-08df8cbea278,Through The Steel And Into The Nether,1159548,682000,"",0,2013-05-01 17:30:58.849982+02,f
2899492,65c9f7e9-4646-403a-a161-904ad0e2254e,My Love,20422,340773,"",0,,f
7345355,5ac11ab3-a756-44b7-b81d-043c1ba27c4e,Never Always,57588,353373,"",0,,f
6864082,1c435eef-0189-4134-8c78-50e316f36b53,Man Machine,41994,212560,"",0,,f
8229876,e2bdcaaf-202f-43da-a174-73f2a44ada61,1,111355,261000,"part of a “Technics DJ Set, Volume 16” DJ‐mix",0,2013-05-12 20:31:22.198107+02,f
10389430,b0ce5792-e0a0-4c67-87ab-ba59cfaf8312,Ezin Ihesi Berlin (Around The World) (Rob Smith remix),136847,288506,"",0,,f
13168477,e8eae083-ffc6-4bda-be47-12adcda76e97,Фрида,529441,260000,"",0,2012-01-21 00:06:54.291585+01,f
13168480,2c9f0991-a93f-4299-b512-3f6a193baecb,Хочу остаться,529441,272000,"",0,2012-01-21 00:06:54.291585+01,f
72661,099da26a-8fdd-4820-bef5-073e02d51c92,All God's Chillun Got Rhythm,5489,158000,"",0,,f
7345347,4cb4f008-9ebe-43c7-8bf2-1f0d33c1f3b2,Fanfare,57588,53280,"",0,,f
7865366,16fc9d1d-8fd5-4133-83ad-90380a58a0d4,Sterilium (Bernd Maus remix),77940,,"",0,,f
10389435,48d413af-672a-4f7f-bc02-a04928cd56b7,Itzuliko Naiz (Angel Katarain remix),136847,326773,"",0,,f
11485606,44fad5ca-bba3-4bc4-98a3-e270f38cc139,Burn Like Rome,60455,229000,"",0,,f
8229884,4bf386b1-f76a-44a8-96f1-df2516cf368e,Love Theme Dusk,818553,333000,"part of a “Technics DJ Set, Volume 16” DJ‐mix",0,2013-05-12 20:32:00.398988+02,f
1677177,a3d18d35-55bf-4f3f-a49b-5baa016996b8,High Time We Went,2474,238773,"",0,,f
4632439,d33d4cc8-af41-44f4-ad18-fdb5d5322083,Nightmare of a Martyr,212213,269000,"",0,,f
4721879,5d154bbc-fccd-405b-ac19-535e4d2e99d7,Richi's Theme,78207,223666,"",0,,f
13209379,91798d72-1df0-418d-9673-cdf168c55467,Βουτιά,219729,,"",0,2012-02-01 16:16:06.769627+01,f
860926,49f8b372-f43a-4958-9d6f-63b3bb3d568b,Legalize It,397,262266,"",0,2013-05-04 17:01:19.253121+02,f
8229879,516d65e3-11ac-4e5d-bdf0-9b4f1384ac18,It's a Fine Day,211376,212000,"part of a “Technics DJ Set, Volume 16” DJ‐mix",0,2013-05-12 20:31:36.241104+02,f
6864070,85c3795f-4291-4965-844d-4b6537dcd279,Glorious,15883,279493,"",0,,f
12290758,abcf60ef-028a-471f-81fd-9aa34ad87ec0,"Die Stadt, die ich so geliebt",761525,214520,"",0,,f
72664,7a8eb91d-fdc3-4866-b326-eae95e5b3e4e,After All,5489,292000,"",0,,f
14869552,8df8bce5-d67d-460e-be4e-726c98a373c6,Supermassive Black Hole,1159548,231000,"",0,2013-05-01 17:30:58.849982+02,f
10320242,9279b8ad-19a0-40e6-bb2e-b8586be77266,זמן העצב הגדול,153623,,"",0,,f
1750761,c16794e5-bcef-4382-923a-879187e4ab70,Open All Night,37921,275840,"",0,,f
2899494,f9c50447-7928-48d8-bd44-71cb7ffd2a58,Too Many Women,20422,254560,"",0,,f
8642242,7849e51d-84a6-469d-8c34-6c2eb9db1c5e,Ces femmes voilées,175650,235000,"",0,,f
13782332,d9dfb7aa-b004-47a5-9a2f-032263516ef4,I Checks My Bank,1154853,248000,"",0,2013-04-19 20:00:24.079323+02,f
12215184,49461aa0-8d45-49c6-b28c-d4e5c14d5f85,It Could Be Clouds,707464,,"",0,,f
2069403,68129bb3-702c-4500-b795-7f6b7bf13cd2,Since I Had You (Long Time No See),962,256680,"",0,,f
6864067,c93b5afb-925e-4842-a8d9-7e98dc4b16a1,Scream,985,288346,"",0,,f
12290747,e124ced0-e456-4115-a671-4a732ca53982,Ein Bauersmann aus Dithmarschen,761525,214133,"",0,,f
7480833,e3dae7bd-22d0-46c8-aa0b-f13c54d6c33a,Shimmy Shimmy Ya (LP version),841922,168000,"",0,2012-10-29 12:38:49.701452+01,f
13168471,337343f0-edf2-40e2-ad14-6cd7a69b44d3,Дельфины,529441,292000,"",0,2012-01-21 00:06:54.291585+01,f
13782333,cf3e9e0d-ba5e-4e2b-82e3-84e97d567884,Buttermilk Biscuits (Keep on Square Dancin'),1154853,212000,"",0,2013-04-19 20:00:24.079323+02,f
14066375,e9fbed1c-5b82-4c2d-839e-31cbbecaf928,Spiral Caterpillar,977507,597000,"",0,2012-10-08 19:49:27.166865+02,f
2069401,54c21ab8-1210-4f44-a34a-264d93320733,I Want You (Guitar Jam),962,29013,"",0,,f
72668,f6a76d97-2dcc-496e-a87e-41fb29abb9a1,Slicer,5489,316000,"",0,,f
11485610,14963599-f527-4c90-ac5f-c027b707acca,Renegade in X-Ill,60455,262000,"",0,,f
2322699,503503a6-2c42-405c-a66f-179cca36b72d,Why Would You Stay Here,158469,180986,"",0,,f
6864071,85b5fe3b-c1be-4f09-87fd-2837007dbef1,Raeson Is Treason,113298,226266,"",0,,f
15194509,2a2594e0-2ac8-4617-ab1d-e3d2c8b07891,"""Jauchzet dem Herrn, alle Welt"", SWV 47",1206709,410000,"",0,2013-08-17 20:20:17.387859+02,f
6864072,4b0ae1e2-027f-416b-8da6-b85a86d90d44,The Good Ones,77158,209973,"",0,,f
5930421,559c5237-ea32-425e-9765-1aa0ed78f8fe,Min ven pytjamos,187812,153093,"",0,,f
14869550,7a12c13a-f5ee-4689-af0f-14455afb113c,The Trooper,1159548,281000,"",0,2013-05-01 17:30:58.849982+02,f
4554732,f1e0fedf-8cfd-4c0d-a4a7-f0292a5e2b70,Adar Rhiannon (Birds of Rhiannon),199457,,"",0,,f
4554729,bdb6306b-d2b2-40ef-8c45-438a97bfb182,Llongau Matholwch (Matholwch's Ships),199457,,"",0,,f
6864083,9fee7160-86ee-438b-ba9d-cee3da774d40,Life's a Bitch,3527,257560,"",0,,f
2175915,9bd06fbf-4e1e-4480-b42f-9652de40a633,Key to the Highway,58589,214240,"",0,,f
12215185,ac5407a2-a519-4cbc-99c6-96e5c7b6b82f,Hey! You Starseed Wanderer,707464,,"",0,,f
5930436,b6dfa68b-594d-49b6-bfce-132e44ce5cf4,"Å hvor jeg, ih hvor jeg, uh hvor jeg vil",187812,182493,"",0,,f
11653739,289e42ce-4fa6-4417-877c-1767f974f21b,Rain Broken Dreams,754744,397000,"",0,,f
12889865,3933de6c-3613-42c7-a170-05d5e8d27f45,Falling Star (Dub Mix),48339,405000,"",0,2011-11-01 06:54:27.361852+01,f
12152631,5ec70020-f5fb-4dc3-91ab-a027af213a7b,My Way (live),51778,238933,"",0,2012-12-02 20:00:12.72826+01,f
10238881,c3e54ad3-d23b-4694-ad76-35552e946c51,Ein landsby,132349,262960,"",0,,f
860922,deca18e8-8609-45e1-9ce0-47adc2f099e2,Convicted,64074,75266,"",0,,f
2322704,e6d9e024-f924-4620-9aeb-5ad33dcad547,Takin Up Time,158469,178186,"",0,,f
4632441,22f6d17d-eac7-49ab-889e-8f7629e3d1d0,The Ill Will,212213,323000,"",0,,f
4721878,ea56b119-bc74-4e8a-94b8-0d8a80d84f1b,Egyptian Trip,78207,401893,"",0,,f
5930422,96b71b41-0ee8-4c50-9b6b-543f4e93d519,Een for lille og een for stor,187812,174533,"",0,,f
5930388,158d4ad1-5257-442a-964d-5a3793d6917f,Man binder os på mund og hånd,187812,202933,"",0,,f
8229887,8c51f933-12ab-4917-bc4c-0bccb38af0aa,Free (feat. Onita Boone),42933,168000,"part of a “Technics DJ Set, Volume 16” DJ‐mix",0,2013-05-12 20:32:10.659813+02,f
14066377,9df0b220-cb02-4f86-8579-000c3a7758ec,U Create Ur Own God,977507,394000,"",0,2012-10-08 19:49:27.166865+02,f
4708905,319de5ec-6697-4c44-888f-b9f837c7fbde,Dayscape,205712,271000,"",0,2013-06-05 18:46:24.529824+02,f
5930385,83e847ad-da15-4d68-b733-a42d1f7daa03,Den lille i krogen,187812,186093,"",0,,f
9106864,3f591dde-f846-43fe-8199-80edff37a7e2,This Is Soul,100768,163000,"",0,,f
11485608,f47c7836-14b5-4c4e-9ab4-5f95b555076b,Rebel Rock,60455,284000,"",0,,f
4554727,8a95be68-a080-446d-b606-4e09df8f30a6,Tair Morwynig (Three Nursemaids),199457,,"",0,,f
1583284,1255d409-e85f-4ed3-b572-89bfbda6c46e,His Eye Is on the Sparrow,112011,278773,"",0,,f
11152117,f401b982-668d-4b40-927e-e0fd9deaca44,[applause],105725,95266,"",0,2012-06-29 03:11:40.041348+02,f
7358179,59bfb3c6-a6c0-4515-ba65-572eee90e434,"Symphony No. 14, BVN 336 ""Morgenen"": IV. De trætte står op til livet (The Tired Get Up for Life)",471912,323466,"",0,,f
11177646,ee9dbd7c-5dd5-47eb-a733-0e7c1bf7ceda,Qui a tort,51778,196306,"",0,2011-06-18 01:00:11.047591+02,f
10389431,7a5b2d06-3fe4-4791-b14f-10173cf61009,Shoot The Singer (Rude remix),136847,195733,"",0,,f
14869551,d603a718-1d63-4cd3-bee3-1ac2672c4e4f,Full Circle,1159548,266000,"",0,2013-05-01 17:30:58.849982+02,f
10238882,3c45c180-7f04-4c04-a9c4-1e74df40520f,Someday My Prince Will Come,132349,97680,"",0,,f
10320241,2221452b-b257-40f7-8b85-06cdf8468b79,רוקר חיי,153623,,"",0,,f
8229825,d6e0e7a8-0ade-4c77-a984-29d08d3a335f,All I Need,839572,245000,"part of a “Technics DJ Set, Volume 16” DJ‐mix",0,2013-05-12 20:30:48.392604+02,f
13782324,c78fe10e-84ea-495b-b07e-bb3894a6bb75,Posse on Broadway (Thunder mix),1154853,302000,"",0,2013-04-19 20:00:24.079323+02,f
14066370,f1cb31a4-e0b2-433d-993b-44ca961ac7e5,Remetenia,977507,387000,"",0,2012-10-08 19:49:27.166865+02,f
13782334,8f74b387-8941-4c25-94c2-cc57924b48aa,Beepers,1154853,255000,"",0,2013-04-19 20:00:24.079323+02,f
8445963,69671e7e-dff2-4d03-8e12-5dd95d538444,Black Cat,157129,,"",0,,f
10320244,e99629f5-2783-4dfe-8542-679750866ab3,"בית חרושת ""קופי"" בית חרושת לחוטים",153623,,"",0,,f
8229821,9a8f1ca9-4c18-4310-8552-10ee6e3a722f,Silent Tears (feat. Michelle Aragon) (Shogs 2 Faces remix),531515,309000,"part of a “Technics DJ Set, Volume 16” DJ‐mix",0,2013-05-12 20:30:35.845964+02,f
10320243,937e35a6-646a-4b6c-988f-67b24bdaa0e6,מפריד ביננו ים,153623,,"",0,,f
4721881,2fbeec54-6c24-4e74-b9b4-951aac1e4671,Innocenti,78207,464733,"",0,,f
8229817,8c7683a6-8ecb-4eac-9add-c88578a42d41,Streamline (Guiseppe Ottavani remix),540526,274000,"part of a “Technics DJ Set, Volume 16” DJ‐mix",0,2013-05-12 20:30:18.942854+02,f
7345346,55f04e5f-bd61-42ad-97af-86f79adfa4ef,Comba N.3,57588,406013,"",0,,f
13168478,4ceab534-1047-4407-ad65-884a11337306,Крылья,529441,215000,"",0,2012-01-21 00:06:54.291585+01,f
6257466,26064605-3844-4ce4-8a0f-986e0dc320d6,All the Way Around,962,230880,"",0,,f
5930437,e062aae6-b814-4345-9337-4a8db282d0dc,Kammerat vær en mand,187812,189533,"",0,,f
